OrderID,Region,Category,Sales,Profit,OrderDate
1,East,Furniture,73.5,-42.7,2023-01-01
2,West,Office Supplies,97.0,-35.4,2023-01-02
3,Central,Technology,120.5,-28.1,2023-01-03
4,South,Furniture,144.0,-20.8,2023-01-04
5,East,Office Supplies,167.5,-13.5,2023-01-05
6,West,Technology,191.0,-6.2,2023-01-06
7,Central,Furniture,214.5,1.1,2023-01-07
8,South,Office Supplies,238.0,8.4,2023-01-08
9,East,Technology,261.5,15.7,2023-01-09
10,West,Furniture,285.0,23.0,2023-01-10
11,Central,Office Supplies,308.5,30.3,2023-01-11
12,South,Technology,332.0,37.6,2023-01-12
13,East,Furniture,355.5,44.9,2023-01-13
14,West,Office Supplies,379.0,52.2,2023-01-14
15,Central,Technology,402.5,59.5,2023-01-15
16,South,Furniture,426.0,66.8,2023-01-16
17,East,Office Supplies,449.5,74.1,2023-01-17
18,West,Technology,473.0,81.4,2023-01-18
19,Central,Furniture,496.5,88.7,2023-01-19
20,South,Office Supplies,520.0,96.0,2023-01-20
21,East,Technology,543.5,103.3,2023-01-21
22,West,Furniture,567.0,110.6,2023-01-22
23,Central,Office Supplies,590.5,117.9,2023-01-23
24,South,Technology,614.0,125.2,2023-01-24
25,East,Furniture,637.5,132.5,2023-01-25
26,West,Office Supplies,661.0,139.8,2023-01-26
27,Central,Technology,684.5,147.1,2023-01-27
28,South,Furniture,708.0,-45.6,2023-01-28
29,East,Office Supplies,731.5,-38.3,2023-01-29
30,West,Technology,755.0,-31.0,2023-01-30
31,Central,Furniture,778.5,-23.7,2023-01-31
32,South,Office Supplies,802.0,-16.4,2023-02-01
33,East,Technology,825.5,-9.1,2023-02-02
34,West,Furniture,849.0,-1.8,2023-02-03
35,Central,Office Supplies,872.5,5.5,2023-02-04
36,South,Technology,896.0,12.8,2023-02-05
37,East,Furniture,919.5,20.1,2023-02-06
38,West,Office Supplies,943.0,27.4,2023-02-07
39,Central,Technology,966.5,34.7,2023-02-08
40,South,Furniture,990.0,42.0,2023-02-09
41,East,Office Supplies,1013.5,49.3,2023-02-10
42,West,Technology,1037.0,56.6,2023-02-11
43,Central,Furniture,60.5,63.9,2023-02-12
44,South,Office Supplies,84.0,71.2,2023-02-13
45,East,Technology,107.5,78.5,2023-02-14
46,West,Furniture,131.0,85.8,2023-02-15
47,Central,Office Supplies,154.5,93.1,2023-02-16
48,South,Technology,178.0,100.4,2023-02-17
49,East,Furniture,201.5,107.7,2023-02-18
50,West,Office Supplies,225.0,115.0,2023-02-19
51,Central,Technology,248.5,122.3,2023-02-20
52,South,Furniture,272.0,129.6,2023-02-21
53,East,Office Supplies,295.5,136.9,2023-02-22
54,West,Technology,319.0,144.2,2023-02-23
55,Central,Furniture,342.5,-48.5,2023-02-24
56,South,Office Supplies,366.0,-41.2,2023-02-25
57,East,Technology,389.5,-33.9,2023-02-26
58,West,Furniture,413.0,-26.6,2023-02-27
59,Central,Office Supplies,436.5,-19.3,2023-02-28
60,South,Technology,460.0,-12.0,2023-03-01
61,East,Furniture,483.5,-4.7,2023-03-02
62,West,Office Supplies,507.0,2.6,2023-03-03
63,Central,Technology,530.5,9.9,2023-03-04
64,South,Furniture,554.0,17.2,2023-03-05
65,East,Office Supplies,577.5,24.5,2023-03-06
66,West,Technology,601.0,31.8,2023-03-07
67,Central,Furniture,624.5,39.1,2023-03-08
68,South,Office Supplies,648.0,46.4,2023-03-09
69,East,Technology,671.5,53.7,2023-03-10
70,West,Furniture,695.0,61.0,2023-03-11
71,Central,Office Supplies,718.5,68.3,2023-03-12
72,South,Technology,742.0,75.6,2023-03-13
73,East,Furniture,765.5,82.9,2023-03-14
74,West,Office Supplies,789.0,90.2,2023-03-15
75,Central,Technology,812.5,97.5,2023-03-16
76,South,Furniture,836.0,104.8,2023-03-17
77,East,Office Supplies,859.5,112.1,2023-03-18
78,West,Technology,883.0,119.4,2023-03-19
79,Central,Furniture,906.5,126.7,2023-03-20
80,South,Office Supplies,930.0,134.0,2023-03-21
81,East,Technology,953.5,141.3,2023-03-22
82,West,Furniture,977.0,148.6,2023-03-23
83,Central,Office Supplies,1000.5,-44.1,2023-03-24
84,South,Technology,1024.0,-36.8,2023-03-25
85,East,Furniture,1047.5,-29.5,2023-03-26
86,West,Office Supplies,71.0,-22.2,2023-03-27
87,Central,Technology,94.5,-14.9,2023-03-28
88,South,Furniture,118.0,-7.6,2023-03-29
89,East,Office Supplies,141.5,-0.3,2023-03-30
90,West,Technology,165.0,7.0,2023-03-31
91,Central,Furniture,188.5,14.3,2023-04-01
92,South,Office Supplies,212.0,21.6,2023-04-02
93,East,Technology,235.5,28.9,2023-04-03
94,West,Furniture,259.0,36.2,2023-04-04
95,Central,Office Supplies,282.5,43.5,2023-04-05
96,South,Technology,306.0,50.8,2023-04-06
97,East,Furniture,329.5,58.1,2023-04-07
98,West,Office Supplies,353.0,65.4,2023-04-08
99,Central,Technology,376.5,72.7,2023-04-09
100,South,Furniture,400.0,80.0,2023-04-10
