PassengerId,Survived,Pclass,Name,Sex,Age,SibSp,Parch,Ticket,Fare,Cabin,Embarked
1,1,2,"Lastname1, Rev. Given1",female,29.4,1,0,556707,95.5,,C
2,0,3,"Lastname2, Mr. Given2",female,57.0,0,0,91238,48.76,,S
3,0,3,"Lastname3, Master. Given3",male,28.6,1,0,235825,33.9,A102,S
4,0,3,"Lastname4, Dr. Given4",female,,0,2,704651,23.4,,S
5,1,1,"Lastname5, Master. Given5",male,,1,0,284541,49.71,,S
6,1,1,"Lastname6, Miss. Given6",male,35.6,1,3,330032,114.91,,S
7,1,1,"Lastname7, Miss. Given7",female,34.1,0,0,45169,56.28,,C
8,0,3,"Lastname8, Dr. Given8",male,24.1,0,0,596470,11.96,,C
9,0,3,"Lastname9, Mr. Given9",male,45.3,0,0,888908,21.66,,S
10,1,3,"Lastname10, Mr. Given10",male,40.0,1,0,838681,8.83,,S
11,0,1,"Lastname11, Rev. Given11",male,,0,0,169413,32.49,,S
12,1,3,"Lastname12, Rev. Given12",male,34.5,0,0,872035,13.94,,S
13,0,3,"Lastname13, Mrs. Given13",male,17.3,0,0,187216,13.9,,S
14,0,1,"Lastname14, Dr. Given14",male,53.9,0,0,464988,143.0,,S
15,1,1,"Lastname15, Master. Given15",female,26.3,0,1,89360,36.74,,S
16,1,1,"Lastname16, Dr. Given16",female,35.1,0,0,547732,36.58,,S
17,0,2,"Lastname17, Mrs. Given17",male,,0,0,448863,18.19,,S
18,0,3,"Lastname18, Rev. Given18",male,35.0,1,0,133662,8.3,,S
19,1,2,"Lastname19, Dr. Given19",male,,0,2,779776,16.49,,S
20,1,2,"Lastname20, Dr. Given20",male,45.0,0,0,108843,36.57,,C
21,0,3,"Lastname21, Rev. Given21",male,26.9,2,0,807406,13.65,,S
22,0,1,"Lastname22, Mrs. Given22",male,52.8,1,0,646438,102.11,,S
23,0,2,"Lastname23, Rev. Given23",male,26.3,2,0,441599,113.12,,S
24,1,2,"Lastname24, Mr. Given24",male,34.7,0,4,790908,36.52,,S
25,0,3,"Lastname25, Master. Given25",male,24.6,0,0,629114,8.52,,Q
26,0,3,"Lastname26, Rev. Given26",male,20.6,0,0,484768,9.1,,S
27,1,1,"Lastname27, Mrs. Given27",female,44.6,1,0,894080,136.43,,S
28,1,3,"Lastname28, Miss. Given28",female,73.7,0,0,235121,15.5,,S
29,0,3,"Lastname29, Mr. Given29",male,,0,3,930460,25.42,,S
30,1,1,"Lastname30, Miss. Given30",female,,0,0,935581,127.11,,S
31,0,3,"Lastname31, Rev. Given31",male,25.4,0,0,832922,34.27,,S
32,1,1,"Lastname32, Mr. Given32",female,29.9,0,0,775723,179.62,,S
33,1,1,"Lastname33, Master. Given33",female,,0,0,659001,70.46,,C
34,1,3,"Lastname34, Rev. Given34",male,15.0,0,1,65612,12.17,G54,S
35,0,3,"Lastname35, Master. Given35",male,11.3,0,0,634762,40.67,,C
36,1,3,"Lastname36, Dr. Given36",male,28.8,3,0,308303,15.93,,C
37,1,2,"Lastname37, Miss. Given37",male,39.3,1,2,573998,16.33,,S
38,0,1,"Lastname38, Mr. Given38",male,36.5,2,0,941310,81.47,,S
39,0,3,"Lastname39, Master. Given39",male,,1,0,647384,16.86,E128,C
40,0,2,"Lastname40, Mrs. Given40",male,,0,0,219417,60.23,,S
41,1,1,"Lastname41, Master. Given41",female,41.0,0,4,221463,82.95,,C
42,0,3,"Lastname42, Mrs. Given42",female,0.4,0,0,903844,12.29,,S
43,1,1,"Lastname43, Rev. Given43",male,19.5,0,0,629212,199.4,,S
44,0,3,"Lastname44, Mr. Given44",male,28.7,0,0,278602,24.18,,S
45,0,2,"Lastname45, Master. Given45",male,39.9,0,0,927425,34.91,,S
46,1,3,"Lastname46, Master. Given46",male,,0,0,307668,11.47,,S
47,0,2,"Lastname47, Mr. Given47",female,17.6,0,0,672213,24.35,E49,S
48,0,3,"Lastname48, Master. Given48",male,50.4,0,0,312621,19.09,,n
49,1,3,"Lastname49, Mrs. Given49",male,,0,0,304366,8.75,,S
50,1,1,"Lastname50, Master. Given50",male,28.2,1,0,552608,44.83,,S
51,0,3,"Lastname51, Miss. Given51",male,38.1,0,2,104154,20.51,,S
52,0,3,"Lastname52, Rev. Given52",female,27.2,0,3,586531,14.54,,S
53,0,3,"Lastname53, Dr. Given53",female,,0,0,710975,13.15,,S
54,0,3,"Lastname54, Mrs. Given54",male,24.3,0,0,420568,9.64,,C
55,0,3,"Lastname55, Miss. Given55",male,24.5,0,0,607121,13.83,,S
56,0,3,"Lastname56, Rev. Given56",male,44.7,0,0,103476,22.73,E10,S
57,0,1,"Lastname57, Mr. Given57",female,19.3,0,1,124560,45.33,F13,S
58,1,1,"Lastname58, Mrs. Given58",female,33.5,0,0,930707,30.27,,S
59,0,1,"Lastname59, Dr. Given59",male,6.8,2,0,311411,85.21,,S
60,0,2,"Lastname60, Rev. Given60",male,,2,1,572229,86.96,,C
61,1,2,"Lastname61, Dr. Given61",female,46.9,0,0,879241,33.67,,S
62,0,2,"Lastname62, Mr. Given62",male,68.5,0,0,559656,17.55,,S
63,0,3,"Lastname63, Mr. Given63",female,48.7,1,0,873618,11.87,,S
64,0,2,"Lastname64, Mrs. Given64",male,14.2,0,0,303128,55.44,,S
65,0,2,"Lastname65, Master. Given65",male,39.4,0,0,445157,20.29,,Q
66,0,3,"Lastname66, Mr. Given66",male,17.1,0,1,213990,17.36,,S
67,1,1,"Lastname67, Rev. Given67",male,52.1,2,1,455899,55.76,F118,S
68,0,3,"Lastname68, Master. Given68",male,14.6,0,0,267481,10.33,C14,C
69,1,1,"Lastname69, Miss. Given69",female,13.9,0,3,10801,113.94,C28,S
70,1,3,"Lastname70, Dr. Given70",male,7.5,1,0,640826,21.58,,S
71,1,3,"Lastname71, Master. Given71",male,23.2,0,1,908633,18.84,,S
72,1,1,"Lastname72, Dr. Given72",male,,0,0,844397,43.48,E76,C
73,1,1,"Lastname73, Master. Given73",male,12.3,3,2,619557,35.15,,S
74,0,3,"Lastname74, Miss. Given74",male,57.9,0,2,788053,16.58,,S
75,1,3,"Lastname75, Mr. Given75",male,37.4,0,0,937473,16.07,C59,S
76,1,3,"Lastname76, Miss. Given76",female,35.8,0,2,308113,10.09,G95,S
77,1,3,"Lastname77, Mr. Given77",male,,0,1,485485,8.58,,S
78,1,1,"Lastname78, Mr. Given78",male,33.6,0,1,959953,34.21,E106,S
79,1,2,"Lastname79, Dr. Given79",male,19.5,0,0,101679,113.59,A79,S
80,1,1,"Lastname80, Rev. Given80",female,6.2,0,1,691065,106.53,B120,S
81,1,3,"Lastname81, Miss. Given81",female,18.7,1,1,725663,33.51,,C
82,1,3,"Lastname82, Master. Given82",female,51.1,0,0,300507,10.17,,C
83,1,2,"Lastname83, Miss. Given83",male,12.4,0,3,171792,79.66,,Q
84,1,1,"Lastname84, Dr. Given84",male,,0,0,937476,37.7,,C
85,0,2,"Lastname85, Mr. Given85",male,44.5,1,0,567639,29.23,,S
86,0,2,"Lastname86, Dr. Given86",male,,0,0,645311,50.4,G56,C
87,0,3,"Lastname87, Mrs. Given87",male,35.6,0,0,701505,12.3,,C
88,1,3,"Lastname88, Mrs. Given88",male,39.2,0,0,622236,13.53,,S
89,1,3,"Lastname89, Master. Given89",male,35.3,0,0,754974,9.37,,C
90,0,3,"Lastname90, Dr. Given90",male,52.5,0,3,229188,9.31,,S
91,1,1,"Lastname91, Master. Given91",female,,1,0,852667,78.32,,C
92,1,3,"Lastname92, Master. Given92",male,33.4,0,0,286999,19.26,,S
93,1,3,"Lastname93, Mrs. Given93",male,4.5,0,0,439385,23.02,A130,S
94,1,3,"Lastname94, Master. Given94",female,1.0,0,0,271677,16.13,C132,S
95,0,3,"Lastname95, Mrs. Given95",male,28.9,1,2,187476,18.38,,S
96,1,3,"Lastname96, Mr. Given96",female,37.6,0,0,160641,8.14,,C
97,0,3,"Lastname97, Dr. Given97",male,52.8,0,1,659362,9.77,,S
98,0,2,"Lastname98, Master. Given98",male,63.9,0,0,794366,98.88,,S
99,1,1,"Lastname99, Mrs. Given99",female,48.5,0,0,588725,33.95,,S
100,0,1,"Lastname100, Miss. Given100",female,40.2,0,0,976010,86.78,,S
101,1,1,"Lastname101, Master. Given101",female,32.2,0,0,166810,39.68,B55,S
102,1,3,"Lastname102, Rev. Given102",male,,0,0,934276,20.61,,S
103,0,2,"Lastname103, Mr. Given103",male,28.0,0,0,100410,39.48,B128,S
104,0,3,"Lastname104, Mr. Given104",male,,0,0,29731,0.0,,S
105,0,3,"Lastname105, Miss. Given105",male,42.6,0,1,675491,11.14,,C
106,1,2,"Lastname106, Mrs. Given106",female,12.0,0,0,862756,36.27,,S
107,1,2,"Lastname107, Master. Given107",male,,1,0,195169,24.89,A13,C
108,0,3,"Lastname108, Mrs. Given108",female,37.4,3,0,878152,10.16,,Q
109,0,1,"Lastname109, Mr. Given109",male,34.9,3,0,892865,95.78,,S
110,0,1,"Lastname110, Mrs. Given110",male,29.6,1,2,275033,38.37,,S
111,1,2,"Lastname111, Mr. Given111",male,39.3,0,0,543857,53.71,,S
112,1,1,"Lastname112, Mrs. Given112",female,39.8,1,0,883625,66.15,F87,Q
113,1,3,"Lastname113, Miss. Given113",female,21.0,0,3,216749,9.12,,C
114,0,3,"Lastname114, Dr. Given114",female,36.4,0,0,95192,0.0,F60,S
115,1,3,"Lastname115, Miss. Given115",female,27.3,0,0,789117,15.32,,S
116,1,3,"Lastname116, Miss. Given116",female,9.2,0,0,97154,11.54,,S
117,1,3,"Lastname117, Dr. Given117",female,22.1,1,0,218542,13.49,,S
118,1,1,"Lastname118, Dr. Given118",male,8.1,0,1,118073,47.72,,S
119,0,3,"Lastname119, Master. Given119",male,43.7,0,1,229894,11.05,,S
120,0,3,"Lastname120, Master. Given120",male,,2,4,529235,9.79,,S
121,0,3,"Lastname121, Miss. Given121",female,,0,0,804044,12.51,E8,S
122,1,3,"Lastname122, Miss. Given122",female,49.9,0,0,585932,10.89,,S
123,1,2,"Lastname123, Mr. Given123",male,31.0,2,1,566357,38.0,,S
124,1,1,"Lastname124, Mr. Given124",female,,0,0,878173,87.58,,S
125,0,1,"Lastname125, Master. Given125",female,23.8,0,0,430547,64.84,,S
126,0,2,"Lastname126, Rev. Given126",male,52.9,0,0,852329,45.1,F87,S
127,0,3,"Lastname127, Rev. Given127",male,20.6,0,0,155006,26.41,,C
128,1,3,"Lastname128, Master. Given128",female,33.9,1,0,413311,16.67,F133,S
129,0,1,"Lastname129, Mr. Given129",male,40.4,0,1,494710,78.24,D84,Q
130,0,3,"Lastname130, Mr. Given130",female,38.3,0,1,898976,11.33,,C
131,1,2,"Lastname131, Rev. Given131",male,,0,0,552994,60.05,,S
132,1,1,"Lastname132, Mrs. Given132",female,13.5,0,0,184588,31.23,,S
133,1,1,"Lastname133, Mrs. Given133",female,,3,0,637890,51.43,,S
134,0,2,"Lastname134, Mr. Given134",female,13.8,0,2,500224,40.59,,S
135,1,3,"Lastname135, Mrs. Given135",male,25.9,0,0,306773,8.83,B86,S
136,1,2,"Lastname136, Dr. Given136",female,45.4,0,0,450126,19.05,B87,S
137,1,3,"Lastname137, Master. Given137",female,15.6,1,0,491756,16.9,G123,S
138,0,3,"Lastname138, Master. Given138",male,,2,0,134746,16.21,,S
139,0,2,"Lastname139, Mr. Given139",female,,0,0,554719,41.86,,S
140,0,3,"Lastname140, Miss. Given140",male,14.5,0,1,197805,24.75,,S
141,0,3,"Lastname141, Rev. Given141",male,5.5,0,0,574376,9.38,,S
142,0,2,"Lastname142, Mr. Given142",male,,1,0,709495,15.37,,Q
143,1,3,"Lastname143, Mrs. Given143",male,20.7,0,0,441231,19.7,,S
144,0,2,"Lastname144, Rev. Given144",male,27.6,1,0,765398,22.17,,C
145,1,2,"Lastname145, Miss. Given145",female,,0,2,565673,34.67,,S
146,0,1,"Lastname146, Mrs. Given146",male,41.2,1,0,342343,38.16,,S
147,0,3,"Lastname147, Dr. Given147",female,18.3,0,1,310821,14.33,,S
148,0,3,"Lastname148, Mrs. Given148",male,35.7,0,0,128104,15.02,,S
149,1,1,"Lastname149, Dr. Given149",male,53.1,0,0,22818,73.98,,S
150,0,2,"Lastname150, Rev. Given150",male,56.2,0,0,491438,29.4,,C
151,1,3,"Lastname151, Dr. Given151",female,25.6,2,0,335145,14.85,,S
152,1,1,"Lastname152, Rev. Given152",male,43.4,1,0,165049,50.23,,S
153,1,1,"Lastname153, Rev. Given153",male,49.5,0,1,584120,33.69,,S
154,0,3,"Lastname154, Rev. Given154",female,8.9,0,0,837363,8.94,,S
155,0,3,"Lastname155, Rev. Given155",male,22.8,0,0,618278,13.69,,Q
156,1,2,"Lastname156, Rev. Given156",male,,1,1,219966,23.79,,Q
157,0,3,"Lastname157, Mrs. Given157",male,25.8,0,2,82204,15.26,,C
158,1,3,"Lastname158, Rev. Given158",female,0.4,0,0,55784,11.64,,S
159,0,1,"Lastname159, Mrs. Given159",male,,0,3,902737,88.22,,S
160,1,3,"Lastname160, Rev. Given160",female,,0,0,19921,27.95,,S
161,1,2,"Lastname161, Dr. Given161",male,30.1,0,0,831391,22.1,,S
162,0,3,"Lastname162, Rev. Given162",female,40.0,0,1,828760,10.14,,S
163,0,3,"Lastname163, Miss. Given163",female,,0,0,936363,9.24,B117,S
164,1,3,"Lastname164, Rev. Given164",female,25.0,3,0,265564,17.58,,Q
165,0,1,"Lastname165, Rev. Given165",male,22.7,0,0,623794,59.34,,C
166,1,3,"Lastname166, Dr. Given166",female,32.1,0,1,84408,10.08,,S
167,0,2,"Lastname167, Master. Given167",male,,0,1,658140,36.18,,S
168,0,1,"Lastname168, Dr. Given168",male,30.8,1,0,750126,38.04,,S
169,0,1,"Lastname169, Miss. Given169",male,31.3,0,0,560996,70.41,,S
170,1,3,"Lastname170, Master. Given170",female,19.5,0,0,553135,15.49,,S
171,1,3,"Lastname171, Mr. Given171",female,40.5,0,0,590277,21.25,,Q
172,1,1,"Lastname172, Mr. Given172",female,38.4,0,0,921815,32.83,E58,S
173,1,3,"Lastname173, Miss. Given173",male,11.3,0,1,14922,29.88,,S
174,1,1,"Lastname174, Dr. Given174",male,,1,0,473144,90.7,,S
175,0,3,"Lastname175, Mrs. Given175",female,31.3,1,0,62335,10.44,,C
176,0,1,"Lastname176, Miss. Given176",male,,0,0,923345,40.13,,S
177,0,3,"Lastname177, Master. Given177",male,38.9,0,0,941045,13.65,F17,C
178,1,2,"Lastname178, Master. Given178",male,29.1,2,3,815983,49.03,,S
179,0,3,"Lastname179, Rev. Given179",male,32.4,0,0,160453,26.51,,S
180,0,1,"Lastname180, Mr. Given180",male,24.4,1,0,909751,66.75,,C
181,1,2,"Lastname181, Master. Given181",male,2.1,0,0,327817,54.44,,C
182,0,1,"Lastname182, Miss. Given182",male,1.3,2,0,897963,30.27,,C
183,0,3,"Lastname183, Master. Given183",male,38.3,1,0,32948,8.36,A57,S
184,1,3,"Lastname184, Miss. Given184",female,33.7,2,0,626552,32.28,,C
185,0,2,"Lastname185, Mrs. Given185",male,36.1,0,0,69072,44.86,F6,S
186,0,3,"Lastname186, Rev. Given186",male,,0,0,339704,13.99,F138,C
187,1,3,"Lastname187, Mr. Given187",female,33.0,2,0,747609,22.01,,Q
188,0,3,"Lastname188, Master. Given188",male,43.6,0,0,667846,39.15,G68,S
189,1,3,"Lastname189, Miss. Given189",female,36.2,0,3,76691,22.79,,S
190,0,2,"Lastname190, Dr. Given190",female,44.6,1,0,675442,51.95,,C
191,0,1,"Lastname191, Mr. Given191",male,32.4,1,0,899213,101.48,,S
192,0,3,"Lastname192, Mrs. Given192",male,25.8,2,0,356249,9.84,,S
193,1,3,"Lastname193, Miss. Given193",female,32.7,0,0,17086,25.93,,S
194,0,3,"Lastname194, Rev. Given194",female,,1,1,399962,10.17,E26,S
195,0,2,"Lastname195, Rev. Given195",male,24.7,1,0,602141,59.63,,S
196,0,2,"Lastname196, Mrs. Given196",male,32.5,0,0,374069,27.27,,S
197,1,3,"Lastname197, Mrs. Given197",male,32.3,0,0,342171,19.3,,Q
198,0,3,"Lastname198, Rev. Given198",female,28.5,0,0,288060,14.88,,S
199,0,3,"Lastname199, Master. Given199",male,10.6,0,1,811680,8.99,,S
200,0,3,"Lastname200, Master. Given200",female,38.9,3,0,995551,11.44,,C
201,0,3,"Lastname201, Miss. Given201",male,41.7,0,0,820658,49.19,,C
202,0,1,"Lastname202, Dr. Given202",male,,1,0,952529,191.85,,C
203,0,1,"Lastname203, Miss. Given203",male,,3,0,773210,49.32,F8,S
204,0,3,"Lastname204, Dr. Given204",male,,0,0,582668,63.99,,S
205,1,3,"Lastname205, Mrs. Given205",male,15.8,1,1,804280,26.68,,S
206,0,1,"Lastname206, Mr. Given206",male,50.9,0,0,548562,77.2,,C
207,0,1,"Lastname207, Miss. Given207",male,33.5,1,2,326689,32.05,,S
208,0,3,"Lastname208, Miss. Given208",female,32.7,0,0,794403,31.17,,S
209,1,1,"Lastname209, Dr. Given209",male,26.4,2,0,106494,70.76,,S
210,0,1,"Lastname210, Mrs. Given210",male,,0,0,125981,131.43,,S
211,1,3,"Lastname211, Mrs. Given211",female,39.6,0,2,176305,25.98,B48,S
212,1,3,"Lastname212, Dr. Given212",female,15.7,1,0,26304,25.9,,S
213,0,3,"Lastname213, Mrs. Given213",female,52.8,0,0,283438,19.98,,S
214,1,1,"Lastname214, Rev. Given214",female,49.7,0,0,298569,47.22,,S
215,1,3,"Lastname215, Master. Given215",male,25.0,0,0,734071,12.1,,S
216,0,1,"Lastname216, Rev. Given216",male,17.9,1,0,120777,48.44,B96,S
217,1,2,"Lastname217, Mr. Given217",female,1.8,0,3,412641,15.4,,Q
218,1,3,"Lastname218, Miss. Given218",female,,0,4,625837,16.74,,S
219,0,3,"Lastname219, Mr. Given219",male,40.2,0,0,627752,20.0,,C
220,1,3,"Lastname220, Miss. Given220",female,,0,2,972494,27.23,E80,S
221,1,3,"Lastname221, Master. Given221",male,36.9,0,0,641036,9.51,,S
222,0,3,"Lastname222, Mrs. Given222",male,4.2,0,0,476962,15.86,,Q
223,0,1,"Lastname223, Rev. Given223",male,,0,0,864727,30.4,,Q
224,1,2,"Lastname224, Dr. Given224",male,49.1,0,0,812523,17.0,,S
225,0,2,"Lastname225, Rev. Given225",male,28.7,0,4,916375,16.11,,S
226,1,2,"Lastname226, Master. Given226",male,12.2,1,0,264174,40.85,,S
227,1,3,"Lastname227, Mr. Given227",female,28.4,0,0,665362,8.85,C86,S
228,0,2,"Lastname228, Dr. Given228",male,19.2,0,0,263890,40.21,,S
229,0,3,"Lastname229, Mrs. Given229",male,34.7,0,0,584699,10.87,B12,S
230,1,3,"Lastname230, Master. Given230",female,30.3,0,0,444174,29.01,,S
231,0,3,"Lastname231, Dr. Given231",female,,1,6,268901,24.77,,C
232,1,3,"Lastname232, Master. Given232",female,12.9,0,1,105696,39.66,,S
233,1,3,"Lastname233, Master. Given233",female,23.7,0,1,686067,29.52,,S
234,1,3,"Lastname234, Mrs. Given234",female,,0,0,680608,35.08,,S
235,0,1,"Lastname235, Miss. Given235",male,,1,0,605597,127.86,,S
236,1,3,"Lastname236, Dr. Given236",male,16.0,0,0,743682,19.82,,S
237,0,2,"Lastname237, Mrs. Given237",male,32.8,0,0,979224,18.73,,C
238,1,1,"Lastname238, Master. Given238",male,,0,0,680397,45.85,,S
239,1,3,"Lastname239, Mrs. Given239",male,23.2,3,1,77421,10.39,,Q
240,1,1,"Lastname240, Miss. Given240",female,,0,0,246436,76.26,C21,C
241,1,3,"Lastname241, Rev. Given241",male,37.5,0,0,485083,0.0,,C
242,0,3,"Lastname242, Dr. Given242",male,,2,0,312756,28.18,,S
243,0,3,"Lastname243, Miss. Given243",male,,1,0,491247,38.51,,S
244,1,2,"Lastname244, Mr. Given244",female,,0,0,547738,25.38,,S
245,1,1,"Lastname245, Dr. Given245",male,51.2,1,2,19491,65.3,E116,S
246,0,3,"Lastname246, Miss. Given246",female,28.4,1,0,127026,43.58,,S
247,0,2,"Lastname247, Master. Given247",male,14.9,0,1,84804,21.47,,S
248,0,3,"Lastname248, Dr. Given248",male,14.2,0,0,521662,23.72,D120,S
249,0,3,"Lastname249, Dr. Given249",male,27.7,0,0,889725,10.55,,S
250,1,3,"Lastname250, Mrs. Given250",female,44.5,3,0,653786,19.44,,S
251,0,2,"Lastname251, Master. Given251",male,29.4,1,2,772803,20.85,,S
252,0,2,"Lastname252, Mr. Given252",female,,0,1,934295,58.04,,S
253,0,3,"Lastname253, Rev. Given253",male,16.1,1,0,901907,16.24,,S
254,0,2,"Lastname254, Miss. Given254",male,,0,0,824746,19.11,E65,C
255,1,1,"Lastname255, Mrs. Given255",female,,0,0,848315,42.7,,C
256,1,3,"Lastname256, Miss. Given256",female,22.9,0,0,497335,14.81,,S
257,1,3,"Lastname257, Mr. Given257",female,38.8,0,3,359230,40.6,,S
258,1,3,"Lastname258, Mr. Given258",female,,1,0,730989,22.68,,C
259,0,3,"Lastname259, Dr. Given259",female,,0,0,373435,14.7,G112,S
260,1,1,"Lastname260, Mr. Given260",female,15.5,1,0,252223,50.6,,Q
261,1,3,"Lastname261, Miss. Given261",female,30.2,0,0,544255,15.97,,S
262,1,3,"Lastname262, Master. Given262",female,,0,0,222826,21.8,,S
263,0,1,"Lastname263, Master. Given263",female,59.5,3,0,315364,106.61,G108,S
264,1,3,"Lastname264, Dr. Given264",male,24.5,0,0,739523,11.92,,Q
265,1,3,"Lastname265, Rev. Given265",female,55.8,0,0,932451,20.77,,Q
266,1,3,"Lastname266, Miss. Given266",male,38.2,0,0,704779,18.72,,S
267,1,3,"Lastname267, Miss. Given267",female,18.8,1,1,328275,39.97,A11,C
268,1,3,"Lastname268, Mr. Given268",female,34.6,0,0,491930,34.75,,S
269,0,2,"Lastname269, Miss. Given269",male,25.7,0,0,38876,46.15,,S
270,1,2,"Lastname270, Mrs. Given270",female,33.4,0,0,753804,40.7,,C
271,0,3,"Lastname271, Rev. Given271",male,20.0,0,0,897880,11.2,A68,Q
272,1,3,"Lastname272, Mr. Given272",male,53.7,1,0,685331,26.71,,S
273,0,3,"Lastname273, Mrs. Given273",female,43.0,0,0,990043,13.58,,C
274,0,3,"Lastname274, Dr. Given274",male,30.4,0,0,239192,11.18,,C
275,1,3,"Lastname275, Master. Given275",female,54.2,0,4,321372,12.85,,S
276,1,3,"Lastname276, Dr. Given276",female,,0,0,264767,26.07,,S
277,0,3,"Lastname277, Master. Given277",male,45.4,2,0,870927,9.61,,S
278,0,3,"Lastname278, Dr. Given278",male,30.5,0,0,262313,14.09,,C
279,0,3,"Lastname279, Miss. Given279",male,35.5,3,0,38261,14.78,,S
280,0,3,"Lastname280, Mrs. Given280",male,,0,0,116601,8.37,,S
281,0,3,"Lastname281, Master. Given281",female,,0,1,71260,10.18,,S
282,0,2,"Lastname282, Mr. Given282",male,32.4,1,0,508214,50.06,,S
283,0,2,"Lastname283, Mrs. Given283",male,20.6,0,0,484587,50.53,B21,S
284,1,1,"Lastname284, Mr. Given284",male,24.4,1,0,406562,47.29,,S
285,0,3,"Lastname285, Mrs. Given285",male,27.0,3,0,499170,28.79,,C
286,1,1,"Lastname286, Mrs. Given286",female,33.2,0,0,590464,103.87,,S
287,0,3,"Lastname287, Dr. Given287",male,29.6,0,0,324444,13.41,,S
288,1,3,"Lastname288, Master. Given288",female,46.4,1,0,152412,21.8,,S
289,1,2,"Lastname289, Master. Given289",male,41.9,0,0,527561,80.06,,S
290,1,3,"Lastname290, Mrs. Given290",female,27.3,0,0,829444,14.14,,C
291,0,1,"Lastname291, Miss. Given291",male,49.3,0,4,700753,43.62,,S
292,1,1,"Lastname292, Miss. Given292",male,56.2,0,0,636441,172.21,,S
293,0,3,"Lastname293, Mr. Given293",female,,1,1,478349,17.26,,S
294,1,2,"Lastname294, Mr. Given294",male,43.1,0,1,953061,17.22,,C
295,1,1,"Lastname295, Dr. Given295",female,20.3,0,0,991708,72.51,,S
296,1,3,"Lastname296, Mrs. Given296",female,41.2,0,0,869705,14.94,E49,S
297,1,3,"Lastname297, Mr. Given297",male,47.3,0,0,908760,27.35,,S
298,1,1,"Lastname298, Mr. Given298",male,17.7,0,0,906736,67.83,,S
299,1,3,"Lastname299, Rev. Given299",female,4.1,1,0,378781,10.95,,S
300,0,1,"Lastname300, Mrs. Given300",male,41.7,0,1,682636,86.3,F40,S
301,0,1,"Lastname301, Dr. Given301",male,,1,2,326783,69.11,,S
302,1,3,"Lastname302, Mr. Given302",male,,1,0,394083,10.65,,S
303,0,3,"Lastname303, Dr. Given303",male,65.4,0,0,541598,16.52,,S
304,0,3,"Lastname304, Master. Given304",male,38.7,0,0,700527,25.23,,S
305,1,3,"Lastname305, Dr. Given305",female,39.4,0,1,375088,8.29,,S
306,0,3,"Lastname306, Miss. Given306",female,49.1,0,0,488096,17.97,,S
307,0,3,"Lastname307, Miss. Given307",female,21.9,1,0,675751,12.3,,Q
308,1,2,"Lastname308, Dr. Given308",female,31.8,1,0,132013,21.93,,S
309,1,3,"Lastname309, Miss. Given309",male,11.5,0,0,191693,12.99,,S
310,0,2,"Lastname310, Master. Given310",female,21.5,0,2,676252,23.37,,S
311,0,2,"Lastname311, Mrs. Given311",male,,2,0,873165,50.7,,S
312,1,1,"Lastname312, Miss. Given312",male,6.7,3,0,743946,46.07,,C
313,0,1,"Lastname313, Miss. Given313",male,21.1,0,3,963646,96.05,,S
314,1,3,"Lastname314, Dr. Given314",male,17.0,0,0,448895,8.99,,S
315,1,3,"Lastname315, Master. Given315",female,32.0,0,0,182687,38.24,E3,C
316,0,3,"Lastname316, Mrs. Given316",female,38.0,2,0,188625,17.74,,S
317,1,2,"Lastname317, Dr. Given317",male,40.4,0,0,119264,39.53,,S
318,0,1,"Lastname318, Dr. Given318",male,44.0,0,0,613359,47.69,,C
319,0,1,"Lastname319, Rev. Given319",female,49.2,0,0,706362,56.56,,S
320,0,2,"Lastname320, Master. Given320",male,38.5,0,0,394755,20.07,,S
321,0,3,"Lastname321, Mrs. Given321",male,56.4,0,0,80658,34.96,,C
322,1,3,"Lastname322, Master. Given322",male,31.7,4,1,544140,14.7,,S
323,0,3,"Lastname323, Mrs. Given323",female,27.6,0,1,277531,17.95,,S
324,1,2,"Lastname324, Master. Given324",female,38.5,0,0,399715,41.51,A47,S
325,1,3,"Lastname325, Dr. Given325",male,27.0,0,0,893727,12.64,,C
326,1,3,"Lastname326, Dr. Given326",male,,0,0,664669,20.73,,S
327,1,3,"Lastname327, Mr. Given327",female,45.8,0,0,312138,19.27,A126,S
328,0,3,"Lastname328, Miss. Given328",female,40.5,0,1,244484,20.23,,S
329,0,2,"Lastname329, Rev. Given329",male,31.8,0,0,389056,28.44,F67,S
330,1,2,"Lastname330, Master. Given330",female,24.3,0,0,436941,24.66,,S
331,0,2,"Lastname331, Rev. Given331",male,39.8,0,0,738042,20.02,,C
332,1,3,"Lastname332, Mr. Given332",male,,0,0,665920,25.41,D142,S
333,1,1,"Lastname333, Miss. Given333",female,51.5,3,0,396354,76.87,F131,S
334,0,1,"Lastname334, Master. Given334",male,27.5,2,0,852997,59.38,,S
335,0,1,"Lastname335, Mrs. Given335",male,34.3,0,4,273456,174.12,,S
336,1,1,"Lastname336, Miss. Given336",male,17.3,0,1,945709,32.45,,S
337,0,3,"Lastname337, Dr. Given337",male,40.1,2,0,398026,26.98,C69,S
338,0,3,"Lastname338, Mr. Given338",female,23.6,0,0,939099,68.25,,S
339,1,3,"Lastname339, Miss. Given339",male,,1,2,97566,29.8,C32,C
340,1,1,"Lastname340, Miss. Given340",female,40.6,2,0,293473,113.15,,S
341,1,3,"Lastname341, Dr. Given341",male,,0,0,244750,12.69,,S
342,0,3,"Lastname342, Master. Given342",male,14.3,0,0,864619,10.63,,S
343,1,1,"Lastname343, Mrs. Given343",male,51.4,3,1,609830,96.37,,S
344,1,2,"Lastname344, Dr. Given344",female,27.3,0,0,118237,22.26,D99,S
345,1,2,"Lastname345, Mrs. Given345",male,33.1,0,0,529904,18.87,,S
346,1,3,"Lastname346, Master. Given346",female,36.8,0,1,386620,23.44,,S
347,1,3,"Lastname347, Miss. Given347",male,12.4,0,2,307789,11.75,C147,S
348,1,1,"Lastname348, Mrs. Given348",female,36.5,1,2,97502,152.93,,S
349,0,2,"Lastname349, Mr. Given349",male,31.4,1,0,496598,51.73,,S
350,1,3,"Lastname350, Mr. Given350",female,21.0,4,0,359454,26.82,,C
351,1,3,"Lastname351, Dr. Given351",female,,0,0,866051,22.77,,C
352,1,3,"Lastname352, Master. Given352",female,38.5,0,1,829945,29.28,,S
353,0,3,"Lastname353, Dr. Given353",female,,0,0,543037,24.39,,C
354,0,1,"Lastname354, Dr. Given354",female,32.5,0,0,696143,76.13,,S
355,0,1,"Lastname355, Rev. Given355",male,9.9,0,1,594933,47.54,,C
356,1,3,"Lastname356, Dr. Given356",male,15.2,3,0,223933,29.91,,S
357,0,1,"Lastname357, Rev. Given357",male,24.0,1,0,63175,121.82,F20,C
358,0,3,"Lastname358, Mr. Given358",female,51.9,0,0,990213,14.4,,S
359,1,3,"Lastname359, Mr. Given359",male,26.5,0,0,158395,8.4,,S
360,1,3,"Lastname360, Dr. Given360",female,23.4,0,0,60762,18.18,,S
361,1,2,"Lastname361, Mr. Given361",male,6.6,0,0,598510,16.04,,S
362,0,3,"Lastname362, Master. Given362",male,20.8,1,0,437709,34.07,,S
363,0,3,"Lastname363, Rev. Given363",male,12.7,0,0,199400,40.61,,S
364,0,3,"Lastname364, Rev. Given364",female,16.0,4,0,265539,10.1,,C
365,0,3,"Lastname365, Dr. Given365",male,,0,0,22213,19.28,,S
366,0,2,"Lastname366, Mr. Given366",male,24.4,0,1,631655,16.94,D125,S
367,0,3,"Lastname367, Mrs. Given367",male,53.8,1,0,712290,21.08,,S
368,1,3,"Lastname368, Rev. Given368",male,45.1,0,0,168785,12.27,,C
369,0,1,"Lastname369, Dr. Given369",male,21.5,0,1,641445,87.14,,S
370,0,1,"Lastname370, Dr. Given370",male,17.2,0,0,763696,53.33,,S
371,1,1,"Lastname371, Master. Given371",female,49.4,0,4,42583,37.87,,S
372,1,1,"Lastname372, Miss. Given372",male,53.2,1,1,663080,56.05,,S
373,0,1,"Lastname373, Miss. Given373",male,0.4,0,0,89944,35.98,,Q
374,0,3,"Lastname374, Rev. Given374",male,31.3,1,4,32369,16.6,,S
375,0,1,"Lastname375, Master. Given375",male,26.5,0,0,713288,32.09,,S
376,0,2,"Lastname376, Master. Given376",male,39.1,0,0,996454,29.99,,S
377,0,3,"Lastname377, Master. Given377",male,57.2,1,0,912276,29.75,,S
378,1,1,"Lastname378, Rev. Given378",male,23.2,0,0,29510,120.97,,S
379,0,3,"Lastname379, Miss. Given379",male,1.2,0,2,22120,29.44,,C
380,1,2,"Lastname380, Master. Given380",female,38.1,0,0,634135,66.03,,S
381,1,1,"Lastname381, Mr. Given381",female,49.5,0,0,632863,35.52,,S
382,0,3,"Lastname382, Dr. Given382",female,25.7,0,0,401413,9.38,,S
383,0,3,"Lastname383, Dr. Given383",male,20.1,0,0,277439,16.14,,Q
384,1,3,"Lastname384, Mrs. Given384",male,23.9,0,0,554748,30.44,C11,S
385,0,3,"Lastname385, Mrs. Given385",male,41.9,0,0,549251,44.63,,C
386,0,3,"Lastname386, Rev. Given386",male,23.6,3,1,873548,8.47,B14,S
387,1,2,"Lastname387, Rev. Given387",female,34.6,0,0,561616,23.79,,S
388,0,1,"Lastname388, Dr. Given388",male,30.4,1,1,881061,41.97,,S
389,1,3,"Lastname389, Mr. Given389",male,28.9,0,0,134034,22.1,,C
390,0,3,"Lastname390, Miss. Given390",male,39.8,0,1,555893,18.22,,C
391,1,3,"Lastname391, Miss. Given391",female,,1,0,907333,9.28,,Q
392,1,2,"Lastname392, Rev. Given392",male,24.0,0,0,185885,28.21,D48,S
393,0,2,"Lastname393, Mr. Given393",male,41.2,1,0,187443,38.13,,Q
394,1,3,"Lastname394, Rev. Given394",male,,0,1,642529,23.1,,S
395,0,2,"Lastname395, Miss. Given395",male,,0,0,844030,15.41,,S
396,0,3,"Lastname396, Rev. Given396",male,,0,3,201848,30.12,,S
397,1,3,"Lastname397, Master. Given397",male,41.9,0,0,264289,16.42,F121,S
398,0,2,"Lastname398, Rev. Given398",male,28.5,1,0,868690,48.42,A36,C
399,0,3,"Lastname399, Dr. Given399",male,11.6,0,0,837401,24.5,,S
400,0,3,"Lastname400, Rev. Given400",male,,3,3,702272,10.11,,C
401,0,1,"Lastname401, Dr. Given401",male,22.2,2,0,179446,35.84,,S
402,0,3,"Lastname402, Mr. Given402",male,17.8,0,1,737662,20.78,,S
403,0,3,"Lastname403, Miss. Given403",female,27.3,0,2,72784,9.7,E21,S
404,0,3,"Lastname404, Mrs. Given404",female,50.7,1,0,977386,26.97,,S
405,1,2,"Lastname405, Mrs. Given405",male,,3,0,943432,40.91,,S
406,1,3,"Lastname406, Miss. Given406",male,,0,0,31274,26.44,,C
407,1,2,"Lastname407, Mrs. Given407",male,40.2,0,0,664282,22.11,,S
408,1,1,"Lastname408, Rev. Given408",male,36.2,0,1,830848,49.03,,C
409,1,3,"Lastname409, Mr. Given409",female,47.8,1,0,227220,19.12,,S
410,1,1,"Lastname410, Mr. Given410",male,20.1,0,0,726358,31.6,,n
411,1,2,"Lastname411, Miss. Given411",female,15.4,1,1,372578,40.93,E27,S
412,0,3,"Lastname412, Mrs. Given412",male,15.1,0,0,253768,26.07,,S
413,0,3,"Lastname413, Rev. Given413",male,28.0,0,0,956551,13.36,,S
414,1,3,"Lastname414, Mr. Given414",female,,0,0,446572,22.48,,S
415,1,3,"Lastname415, Mr. Given415",female,32.1,0,0,702494,9.92,,S
416,0,2,"Lastname416, Master. Given416",female,31.1,0,0,470258,22.78,,S
417,1,2,"Lastname417, Master. Given417",female,44.3,0,1,847742,88.23,G107,S
418,0,2,"Lastname418, Mr. Given418",male,34.1,0,0,877190,100.85,,C
419,0,3,"Lastname419, Miss. Given419",female,24.2,0,0,153435,15.19,,S
420,0,3,"Lastname420, Dr. Given420",male,35.8,0,0,488365,35.22,,S
421,1,3,"Lastname421, Dr. Given421",female,,3,0,972067,15.4,,C
422,0,3,"Lastname422, Rev. Given422",male,,0,0,827060,11.45,E63,S
423,1,1,"Lastname423, Mr. Given423",female,34.5,0,2,514136,45.52,,S
424,1,3,"Lastname424, Mr. Given424",male,,0,0,79672,34.52,,C
425,0,1,"Lastname425, Mr. Given425",male,35.8,3,0,580534,39.46,,S
426,1,3,"Lastname426, Miss. Given426",male,21.0,0,0,938665,16.67,,S
427,1,2,"Lastname427, Master. Given427",female,46.1,1,0,504209,31.22,B5,S
428,1,3,"Lastname428, Mr. Given428",male,55.5,1,0,623398,21.46,,S
429,1,2,"Lastname429, Mr. Given429",male,7.6,0,0,495654,28.83,,S
430,1,1,"Lastname430, Mrs. Given430",male,13.0,0,0,274954,45.89,F115,C
431,0,1,"Lastname431, Miss. Given431",male,30.6,0,0,725220,39.28,,S
432,0,3,"Lastname432, Rev. Given432",female,26.4,0,0,218271,17.7,,S
433,1,3,"Lastname433, Mr. Given433",male,56.5,0,0,605976,20.69,G47,S
434,1,1,"Lastname434, Mrs. Given434",female,33.1,1,3,861980,72.14,,S
435,1,1,"Lastname435, Dr. Given435",male,49.5,0,0,727723,97.04,,S
436,0,3,"Lastname436, Rev. Given436",male,,1,0,283306,9.53,,S
437,0,1,"Lastname437, Mr. Given437",female,41.4,0,0,884290,137.05,,S
438,1,3,"Lastname438, Mr. Given438",female,20.0,1,0,607823,16.73,,S
439,1,3,"Lastname439, Mrs. Given439",male,19.8,0,0,410435,9.36,,S
440,1,1,"Lastname440, Miss. Given440",male,26.5,0,0,605152,60.99,B70,n
441,1,1,"Lastname441, Mr. Given441",female,10.1,0,0,668981,123.15,,S
442,0,3,"Lastname442, Dr. Given442",male,,2,0,128371,30.78,,C
443,1,2,"Lastname443, Mr. Given443",female,32.7,0,0,624080,21.15,,S
444,1,2,"Lastname444, Dr. Given444",female,33.7,0,0,709793,39.84,C100,S
445,1,3,"Lastname445, Rev. Given445",female,42.4,0,0,523214,9.05,A144,S
446,0,3,"Lastname446, Rev. Given446",male,51.2,0,0,480066,8.34,,S
447,1,3,"Lastname447, Master. Given447",female,24.9,0,0,791704,16.22,,S
448,0,3,"Lastname448, Master. Given448",male,36.7,0,0,76188,19.87,,S
449,1,2,"Lastname449, Dr. Given449",male,,0,0,196023,46.77,B53,S
450,0,1,"Lastname450, Miss. Given450",male,,0,0,878150,50.79,D108,S
451,1,3,"Lastname451, Mr. Given451",male,35.5,0,1,772476,8.07,,C
452,0,3,"Lastname452, Mr. Given452",female,52.3,0,0,570846,14.53,,C
453,1,2,"Lastname453, Master. Given453",female,23.6,1,0,138938,15.32,,S
454,1,3,"Lastname454, Dr. Given454",female,,0,0,156731,8.96,,S
455,1,1,"Lastname455, Mr. Given455",male,20.2,0,4,830845,49.78,,S
456,0,3,"Lastname456, Mr. Given456",male,,0,0,806867,13.75,,S
457,0,1,"Lastname457, Miss. Given457",male,,3,0,784560,46.39,,S
458,1,3,"Lastname458, Mrs. Given458",female,,2,0,981415,16.72,,S
459,1,1,"Lastname459, Master. Given459",male,14.9,1,0,562355,32.85,B142,S
460,1,1,"Lastname460, Master. Given460",female,33.1,0,0,622082,37.81,,C
461,1,1,"Lastname461, Mrs. Given461",male,39.0,0,0,890255,89.41,,S
462,1,3,"Lastname462, Mr. Given462",male,,0,2,865656,9.53,,S
463,0,3,"Lastname463, Miss. Given463",female,26.5,0,3,476441,18.21,,S
464,0,3,"Lastname464, Miss. Given464",male,32.1,0,0,535667,8.56,E8,S
465,1,3,"Lastname465, Master. Given465",female,32.0,1,0,374691,13.23,,S
466,0,2,"Lastname466, Miss. Given466",female,32.7,1,3,642829,18.91,,C
467,0,2,"Lastname467, Rev. Given467",male,13.4,1,0,430840,17.32,,S
468,0,3,"Lastname468, Mrs. Given468",male,32.8,0,0,494716,16.37,E100,C
469,0,1,"Lastname469, Mr. Given469",male,23.8,1,0,753787,161.79,,C
470,0,3,"Lastname470, Rev. Given470",female,44.6,0,0,648922,8.56,,S
471,1,1,"Lastname471, Mrs. Given471",male,31.9,0,0,787867,57.37,G65,n
472,1,3,"Lastname472, Dr. Given472",male,41.7,1,0,925133,20.29,,S
473,1,1,"Lastname473, Master. Given473",male,,0,0,329889,61.06,,S
474,1,3,"Lastname474, Miss. Given474",female,26.3,0,0,979309,24.42,C138,S
475,0,3,"Lastname475, Dr. Given475",male,50.9,0,0,638203,9.98,,C
476,1,3,"Lastname476, Miss. Given476",female,36.1,1,0,524031,40.09,,S
477,1,1,"Lastname477, Rev. Given477",female,,1,1,415732,54.32,,S
478,0,3,"Lastname478, Mr. Given478",male,42.6,0,0,744782,12.18,,Q
479,1,3,"Lastname479, Mr. Given479",male,22.5,1,0,226915,28.76,,S
480,1,3,"Lastname480, Mr. Given480",female,33.2,0,2,663848,16.3,,S
481,1,3,"Lastname481, Miss. Given481",male,55.7,0,2,165915,15.27,,S
482,1,3,"Lastname482, Dr. Given482",female,10.0,1,0,146984,20.98,,S
483,0,3,"Lastname483, Mr. Given483",male,27.5,1,0,686874,16.67,,C
484,0,3,"Lastname484, Dr. Given484",male,35.7,3,0,228431,9.77,,S
485,1,3,"Lastname485, Miss. Given485",female,40.7,0,1,722392,19.21,,S
486,1,3,"Lastname486, Rev. Given486",male,12.6,0,3,956301,9.43,,C
487,0,1,"Lastname487, Dr. Given487",male,8.5,0,2,671809,111.96,,S
488,0,2,"Lastname488, Rev. Given488",male,45.3,2,0,142797,106.58,G81,S
489,0,3,"Lastname489, Miss. Given489",male,19.9,0,0,877838,12.74,,S
490,0,3,"Lastname490, Miss. Given490",male,,1,0,19304,13.88,,S
491,0,3,"Lastname491, Master. Given491",male,51.7,0,0,135555,8.48,,S
492,0,3,"Lastname492, Miss. Given492",female,31.0,0,0,416879,8.14,,S
493,1,2,"Lastname493, Miss. Given493",male,31.1,0,0,342464,65.87,,S
494,1,1,"Lastname494, Mrs. Given494",female,27.5,0,0,533277,36.88,,C
495,1,3,"Lastname495, Mr. Given495",male,12.9,0,0,478224,13.9,,S
496,1,2,"Lastname496, Master. Given496",female,39.5,1,0,104488,48.79,,C
497,0,3,"Lastname497, Master. Given497",male,35.7,0,0,268490,30.01,,C
498,1,1,"Lastname498, Master. Given498",female,32.4,0,0,347735,66.64,,S
499,0,3,"Lastname499, Mrs. Given499",male,28.4,0,0,367188,16.32,,S
500,0,3,"Lastname500, Rev. Given500",male,25.9,0,1,678036,19.08,E3,S
501,0,3,"Lastname501, Miss. Given501",male,,0,0,821624,40.54,,S
502,0,3,"Lastname502, Mr. Given502",male,28.0,0,5,795890,17.23,,S
503,0,2,"Lastname503, Dr. Given503",male,29.1,0,0,952226,31.4,G133,S
504,0,3,"Lastname504, Rev. Given504",male,,0,0,672806,8.15,,S
505,0,3,"Lastname505, Miss. Given505",female,32.9,0,0,391448,8.84,,S
506,0,1,"Lastname506, Mrs. Given506",male,,0,0,932229,73.04,,S
507,0,3,"Lastname507, Miss. Given507",male,,0,1,750957,35.53,A60,S
508,0,3,"Lastname508, Miss. Given508",male,34.2,0,0,516289,28.15,,S
509,1,3,"Lastname509, Mrs. Given509",female,20.1,0,2,622495,48.5,B20,S
510,0,3,"Lastname510, Master. Given510",male,,2,0,722992,15.5,B57,S
511,0,3,"Lastname511, Master. Given511",male,23.6,1,2,208017,23.51,,S
512,0,2,"Lastname512, Mr. Given512",male,,1,0,608029,51.7,E86,S
513,1,3,"Lastname513, Mr. Given513",female,,0,2,26365,18.44,,S
514,1,3,"Lastname514, Master. Given514",female,8.8,1,0,862224,12.14,,S
515,0,1,"Lastname515, Rev. Given515",male,22.4,1,0,730217,61.74,,S
516,1,1,"Lastname516, Dr. Given516",female,33.9,1,0,781769,127.57,,S
517,1,2,"Lastname517, Miss. Given517",female,17.7,0,3,681064,22.09,,S
518,0,3,"Lastname518, Dr. Given518",male,14.4,0,0,847007,33.74,,S
519,0,3,"Lastname519, Miss. Given519",female,0.4,1,0,170974,10.61,,S
520,1,1,"Lastname520, Master. Given520",male,20.7,0,1,916073,99.22,,S
521,0,3,"Lastname521, Mr. Given521",male,13.9,0,0,242366,17.96,,S
522,0,2,"Lastname522, Rev. Given522",male,16.2,0,0,404411,42.69,,S
523,1,3,"Lastname523, Mr. Given523",male,26.2,0,0,260319,13.75,B14,S
524,0,3,"Lastname524, Dr. Given524",male,21.6,0,0,849949,34.98,,C
525,1,3,"Lastname525, Mr. Given525",female,13.7,0,2,44012,18.01,,S
526,0,3,"Lastname526, Master. Given526",male,0.4,0,1,676775,11.4,,S
527,0,2,"Lastname527, Rev. Given527",male,,0,0,442750,35.35,,S
528,0,2,"Lastname528, Dr. Given528",male,40.5,0,4,555974,21.76,,S
529,1,1,"Lastname529, Rev. Given529",female,24.4,0,0,742558,47.38,D10,S
530,1,3,"Lastname530, Miss. Given530",male,26.3,0,0,517730,13.1,,C
531,0,3,"Lastname531, Mr. Given531",male,30.0,1,0,694103,27.13,A33,S
532,1,3,"Lastname532, Rev. Given532",male,52.1,1,0,42161,14.94,,S
533,1,3,"Lastname533, Mrs. Given533",male,8.1,0,0,464529,19.36,,S
534,1,3,"Lastname534, Mr. Given534",female,,0,3,257066,12.98,,S
535,1,3,"Lastname535, Miss. Given535",female,5.9,0,1,773977,11.06,,S
536,0,3,"Lastname536, Rev. Given536",male,35.1,1,0,274546,38.93,,S
537,1,3,"Lastname537, Dr. Given537",female,28.0,0,0,73190,17.25,A30,S
538,0,2,"Lastname538, Miss. Given538",male,32.8,0,0,256256,69.35,D69,S
539,0,3,"Lastname539, Mrs. Given539",female,32.1,0,3,980055,10.27,,C
540,1,1,"Lastname540, Rev. Given540",male,43.9,0,2,285419,37.94,,S
541,0,3,"Lastname541, Master. Given541",male,,1,0,693542,27.37,,S
542,0,3,"Lastname542, Mr. Given542",male,41.6,1,1,549203,19.42,,S
543,0,1,"Lastname543, Dr. Given543",female,15.1,0,0,273053,40.33,G107,C
544,1,3,"Lastname544, Master. Given544",male,46.7,0,0,910542,11.14,G51,S
545,1,3,"Lastname545, Rev. Given545",male,19.9,0,0,75908,24.13,,S
546,0,2,"Lastname546, Rev. Given546",male,20.7,0,0,137337,27.1,,S
547,1,1,"Lastname547, Miss. Given547",female,33.8,0,0,819052,85.52,,S
548,0,3,"Lastname548, Rev. Given548",male,,0,0,44112,11.83,,S
549,1,3,"Lastname549, Dr. Given549",female,15.0,0,0,739411,12.8,,Q
550,1,3,"Lastname550, Master. Given550",female,27.6,0,0,12431,54.79,,C
551,0,3,"Lastname551, Dr. Given551",male,50.8,2,0,96590,10.85,,S
552,0,3,"Lastname552, Mrs. Given552",female,,0,0,858607,15.06,,C
553,0,3,"Lastname553, Mrs. Given553",male,50.8,1,0,651760,26.6,,S
554,1,3,"Lastname554, Mr. Given554",female,26.6,1,3,304768,10.73,,S
555,0,3,"Lastname555, Mr. Given555",male,0.4,0,0,217193,13.37,,S
556,1,2,"Lastname556, Mrs. Given556",female,,1,0,71264,34.09,,Q
557,1,1,"Lastname557, Rev. Given557",female,16.5,0,0,910198,62.81,,C
558,1,1,"Lastname558, Dr. Given558",female,21.3,0,1,697318,60.76,,Q
559,0,3,"Lastname559, Mrs. Given559",female,28.5,0,5,929199,12.5,,C
560,0,3,"Lastname560, Mr. Given560",male,0.4,4,0,372355,16.83,,S
561,0,3,"Lastname561, Mrs. Given561",male,32.6,0,0,653790,17.79,F39,C
562,1,1,"Lastname562, Rev. Given562",female,15.2,0,2,453148,82.96,,S
563,1,1,"Lastname563, Mrs. Given563",male,49.5,2,0,240395,33.65,,S
564,1,1,"Lastname564, Dr. Given564",male,,0,0,316369,79.85,,S
565,1,2,"Lastname565, Master. Given565",female,43.2,1,0,666763,76.25,,C
566,1,3,"Lastname566, Rev. Given566",female,45.5,1,0,215463,15.79,,C
567,1,2,"Lastname567, Mr. Given567",female,,1,0,179708,40.12,F12,C
568,0,2,"Lastname568, Dr. Given568",male,22.1,3,0,807271,31.27,,S
569,0,3,"Lastname569, Mrs. Given569",female,21.9,3,0,993050,27.29,G7,S
570,1,2,"Lastname570, Mrs. Given570",male,26.9,0,3,769994,68.07,,S
571,1,3,"Lastname571, Master. Given571",female,38.9,1,0,188901,10.04,,S
572,1,3,"Lastname572, Mr. Given572",male,22.9,0,1,150302,13.74,,S
573,0,2,"Lastname573, Mr. Given573",female,28.3,0,0,586265,24.96,,S
574,1,3,"Lastname574, Miss. Given574",female,33.8,0,0,443448,13.2,G82,S
575,1,3,"Lastname575, Mr. Given575",male,17.3,0,0,909482,9.34,,S
576,1,3,"Lastname576, Master. Given576",female,16.4,3,2,504523,24.8,,C
577,1,1,"Lastname577, Miss. Given577",male,27.8,2,1,235864,31.82,,S
578,1,3,"Lastname578, Miss. Given578",female,29.6,0,0,559939,15.51,,S
579,1,3,"Lastname579, Mrs. Given579",female,36.1,0,1,632207,18.84,,S
580,0,2,"Lastname580, Mrs. Given580",male,,0,0,312107,19.65,,S
581,1,3,"Lastname581, Mr. Given581",female,14.6,1,3,721232,31.63,,S
582,1,3,"Lastname582, Miss. Given582",female,18.6,1,0,652064,26.24,,S
583,0,3,"Lastname583, Mrs. Given583",male,16.4,0,2,875630,14.37,,S
584,0,2,"Lastname584, Master. Given584",male,49.8,0,0,154811,25.59,C53,S
585,1,3,"Lastname585, Mrs. Given585",female,28.3,0,0,140697,10.7,,S
586,1,2,"Lastname586, Rev. Given586",female,30.2,0,0,859726,41.19,,S
587,1,1,"Lastname587, Rev. Given587",female,,2,0,189428,37.06,B101,S
588,1,1,"Lastname588, Mrs. Given588",female,20.0,0,0,536077,87.01,,S
589,1,1,"Lastname589, Miss. Given589",male,51.9,0,0,946924,122.4,,S
590,0,1,"Lastname590, Miss. Given590",female,35.8,0,0,885729,42.97,D35,S
591,1,1,"Lastname591, Dr. Given591",male,30.6,0,0,771262,130.66,,S
592,0,3,"Lastname592, Rev. Given592",male,14.5,3,0,271413,8.34,,S
593,1,1,"Lastname593, Master. Given593",male,,0,0,178678,151.97,,C
594,0,2,"Lastname594, Miss. Given594",male,25.7,0,3,441856,17.52,,S
595,0,3,"Lastname595, Mr. Given595",male,20.2,0,0,914773,18.38,,C
596,1,3,"Lastname596, Rev. Given596",male,,1,0,578423,10.88,,S
597,1,3,"Lastname597, Master. Given597",female,24.8,0,0,47067,26.11,,S
598,1,1,"Lastname598, Master. Given598",male,,1,0,985924,65.9,,S
599,1,1,"Lastname599, Miss. Given599",male,32.0,0,0,813789,37.27,,C
600,1,1,"Lastname600, Master. Given600",male,22.9,0,0,180923,72.31,F133,S
601,1,1,"Lastname601, Miss. Given601",male,,0,0,310406,56.2,,S
602,0,2,"Lastname602, Mrs. Given602",male,,0,3,527961,36.66,,S
603,0,1,"Lastname603, Rev. Given603",male,47.0,0,0,217925,136.81,,C
604,1,1,"Lastname604, Dr. Given604",male,12.5,0,0,855075,56.33,G65,S
605,1,1,"Lastname605, Mrs. Given605",female,35.1,1,0,424750,47.12,B30,S
606,0,3,"Lastname606, Rev. Given606",male,37.3,1,0,887702,8.15,E93,C
607,1,1,"Lastname607, Miss. Given607",male,28.3,0,1,504649,72.76,,S
608,1,2,"Lastname608, Rev. Given608",male,,0,0,173944,25.29,,S
609,1,3,"Lastname609, Miss. Given609",female,,0,0,508953,12.69,,S
610,0,3,"Lastname610, Mrs. Given610",male,55.8,0,0,935193,10.02,B79,S
611,0,1,"Lastname611, Mr. Given611",male,20.9,1,0,603391,58.11,A12,S
612,0,3,"Lastname612, Mr. Given612",male,21.1,0,0,882700,49.63,,S
613,1,3,"Lastname613, Rev. Given613",male,37.4,0,1,620598,11.53,,S
614,0,1,"Lastname614, Mr. Given614",male,26.3,1,1,491947,75.78,,S
615,0,3,"Lastname615, Miss. Given615",male,53.6,1,2,519085,22.98,,C
616,0,3,"Lastname616, Master. Given616",male,34.8,0,1,571700,21.83,A15,S
617,1,1,"Lastname617, Miss. Given617",male,15.4,0,0,319878,49.93,,S
618,1,2,"Lastname618, Master. Given618",male,,0,0,512850,33.88,,S
619,1,3,"Lastname619, Mrs. Given619",female,28.9,0,1,359937,28.5,,S
620,1,3,"Lastname620, Dr. Given620",female,28.8,2,1,735290,8.16,,S
621,1,1,"Lastname621, Master. Given621",female,34.4,1,1,505054,58.61,,S
622,1,1,"Lastname622, Mr. Given622",female,46.9,1,0,32228,42.7,,C
623,1,2,"Lastname623, Miss. Given623",male,45.1,0,0,130627,24.84,,S
624,0,3,"Lastname624, Mrs. Given624",male,21.9,1,1,350068,13.38,,S
625,0,3,"Lastname625, Mr. Given625",male,11.9,0,0,545607,21.73,,S
626,0,2,"Lastname626, Mrs. Given626",male,,0,4,16475,16.97,,C
627,0,3,"Lastname627, Dr. Given627",female,19.7,0,0,762451,15.19,,S
628,0,3,"Lastname628, Miss. Given628",male,24.9,0,0,680088,16.31,,C
629,1,1,"Lastname629, Rev. Given629",female,34.3,1,0,251382,64.08,,Q
630,0,2,"Lastname630, Miss. Given630",male,18.8,0,1,825977,41.33,,C
631,1,3,"Lastname631, Dr. Given631",female,,0,0,368780,12.84,F60,S
632,0,3,"Lastname632, Miss. Given632",male,35.1,0,0,526187,37.0,,S
633,0,3,"Lastname633, Rev. Given633",male,32.0,0,6,763772,14.57,,S
634,1,3,"Lastname634, Master. Given634",male,14.2,0,0,727116,16.47,,S
635,0,1,"Lastname635, Mrs. Given635",male,36.5,0,1,734135,117.3,B66,S
636,0,2,"Lastname636, Rev. Given636",male,59.1,1,0,441915,0.0,,S
637,0,3,"Lastname637, Mr. Given637",male,33.4,0,1,440037,8.78,,S
638,1,2,"Lastname638, Dr. Given638",female,0.4,0,0,302759,39.61,,S
639,0,2,"Lastname639, Master. Given639",male,,0,2,810178,28.19,,S
640,0,2,"Lastname640, Mr. Given640",male,,1,2,489673,60.36,,S
641,1,1,"Lastname641, Mr. Given641",male,61.7,0,0,688105,232.79,,S
642,1,2,"Lastname642, Dr. Given642",female,31.6,0,0,273389,25.19,,S
643,0,1,"Lastname643, Master. Given643",male,6.4,0,0,127408,56.84,,S
644,1,2,"Lastname644, Mr. Given644",male,1.1,0,0,646431,25.48,,C
645,0,1,"Lastname645, Mr. Given645",male,,0,2,952357,49.62,,S
646,1,3,"Lastname646, Master. Given646",male,45.5,1,0,299776,23.22,,S
647,1,3,"Lastname647, Miss. Given647",female,,0,0,809288,22.23,,S
648,1,3,"Lastname648, Mr. Given648",male,30.2,0,0,197965,14.51,,S
649,0,3,"Lastname649, Mrs. Given649",male,29.2,1,1,998145,8.46,,S
650,0,3,"Lastname650, Master. Given650",female,24.6,0,3,242298,11.7,,S
651,1,1,"Lastname651, Mr. Given651",male,20.8,0,0,602337,47.29,C52,S
652,0,3,"Lastname652, Dr. Given652",male,,0,0,854614,24.66,,C
653,1,3,"Lastname653, Rev. Given653",male,33.0,0,0,930305,8.92,,S
654,1,3,"Lastname654, Mrs. Given654",female,18.2,0,0,763241,24.38,,S
655,0,2,"Lastname655, Rev. Given655",male,6.6,0,0,744791,37.12,,C
656,1,1,"Lastname656, Rev. Given656",female,32.2,1,0,705109,95.92,C27,S
657,0,2,"Lastname657, Mr. Given657",male,17.9,3,0,214829,26.32,A101,S
658,0,2,"Lastname658, Mrs. Given658",male,0.4,0,0,327798,37.77,,S
659,0,3,"Lastname659, Mrs. Given659",male,37.7,0,0,212646,17.39,A24,S
660,1,3,"Lastname660, Miss. Given660",female,14.5,0,0,500783,22.65,,S
661,1,2,"Lastname661, Rev. Given661",male,39.3,1,0,851813,26.84,,S
662,0,3,"Lastname662, Mrs. Given662",female,38.9,0,1,68601,14.4,,S
663,1,3,"Lastname663, Miss. Given663",female,34.0,0,0,156154,18.32,,S
664,0,1,"Lastname664, Master. Given664",male,65.0,1,0,680008,35.72,,C
665,0,1,"Lastname665, Miss. Given665",male,28.1,1,0,796796,0.0,,S
666,0,1,"Lastname666, Dr. Given666",male,26.0,1,1,175640,208.69,,C
667,0,2,"Lastname667, Mr. Given667",male,39.6,0,3,474710,15.77,,Q
668,1,1,"Lastname668, Master. Given668",female,29.2,1,0,739992,48.99,C68,S
669,1,1,"Lastname669, Master. Given669",female,46.2,1,0,279580,48.85,,S
670,1,2,"Lastname670, Dr. Given670",male,12.2,0,0,358857,35.07,,S
671,1,1,"Lastname671, Miss. Given671",male,,0,0,954258,35.59,,Q
672,1,3,"Lastname672, Mr. Given672",female,40.7,0,0,856626,17.9,,S
673,1,1,"Lastname673, Miss. Given673",male,13.7,2,0,34544,34.99,,S
674,1,3,"Lastname674, Mrs. Given674",female,38.5,0,0,987684,9.0,,S
675,0,2,"Lastname675, Miss. Given675",male,35.2,0,0,73295,41.05,,S
676,1,3,"Lastname676, Master. Given676",female,20.3,0,0,415854,11.92,E24,S
677,0,1,"Lastname677, Mr. Given677",male,35.1,1,0,731075,219.54,,S
678,0,2,"Lastname678, Miss. Given678",male,12.7,0,0,79409,15.76,,C
679,1,3,"Lastname679, Mr. Given679",male,,0,0,784008,13.89,,S
680,1,3,"Lastname680, Mr. Given680",male,26.7,0,0,531998,9.2,,S
681,0,3,"Lastname681, Mrs. Given681",male,31.1,2,2,661127,12.33,,S
682,1,2,"Lastname682, Mrs. Given682",female,25.7,0,0,385903,141.65,,S
683,1,1,"Lastname683, Master. Given683",female,36.1,0,0,289301,139.84,E7,S
684,0,3,"Lastname684, Dr. Given684",male,35.4,1,2,186637,8.5,,C
685,0,3,"Lastname685, Mr. Given685",male,51.4,0,0,735356,16.28,,C
686,0,3,"Lastname686, Dr. Given686",male,,2,0,600176,18.44,,S
687,0,3,"Lastname687, Master. Given687",male,,0,0,197167,10.35,B117,S
688,0,2,"Lastname688, Mr. Given688",male,42.9,0,2,861379,18.14,G39,S
689,0,3,"Lastname689, Mr. Given689",male,62.1,0,3,490338,31.47,,S
690,1,1,"Lastname690, Rev. Given690",male,28.2,0,0,867312,203.39,E73,S
691,1,2,"Lastname691, Dr. Given691",male,24.1,1,0,14507,111.3,,S
692,1,2,"Lastname692, Miss. Given692",male,47.6,0,0,899566,46.19,,S
693,0,3,"Lastname693, Mrs. Given693",male,35.4,1,0,53988,18.89,,S
694,0,2,"Lastname694, Miss. Given694",female,,0,0,370565,23.48,,Q
695,0,1,"Lastname695, Dr. Given695",male,40.0,0,0,682225,39.4,,S
696,0,3,"Lastname696, Mrs. Given696",female,,0,0,374735,8.82,,S
697,0,2,"Lastname697, Miss. Given697",male,35.3,3,1,401758,38.64,,S
698,1,3,"Lastname698, Rev. Given698",male,,0,0,37213,23.36,,Q
699,1,1,"Lastname699, Mrs. Given699",female,31.9,0,0,983458,117.57,C83,S
700,0,3,"Lastname700, Mr. Given700",female,28.1,0,0,67450,32.51,,S
701,0,3,"Lastname701, Miss. Given701",female,,0,1,407693,29.2,,S
702,0,1,"Lastname702, Mrs. Given702",male,42.2,0,0,596510,442.99,,S
703,0,2,"Lastname703, Rev. Given703",male,35.2,2,0,934037,20.6,,S
704,0,1,"Lastname704, Mrs. Given704",female,45.4,0,0,976899,102.05,F27,S
705,0,1,"Lastname705, Mrs. Given705",male,8.5,1,0,528728,74.15,,S
706,1,3,"Lastname706, Rev. Given706",male,,0,2,688756,11.03,,S
707,0,2,"Lastname707, Miss. Given707",male,26.7,0,0,22755,0.0,,S
708,0,3,"Lastname708, Master. Given708",male,32.0,2,0,666225,30.82,,S
709,1,2,"Lastname709, Miss. Given709",female,26.9,0,0,152245,17.75,,S
710,0,3,"Lastname710, Dr. Given710",male,37.6,3,0,199977,8.27,E3,Q
711,1,3,"Lastname711, Rev. Given711",male,27.7,0,1,179169,19.66,,C
712,0,3,"Lastname712, Miss. Given712",male,15.3,2,0,305515,17.27,,S
713,0,3,"Lastname713, Mrs. Given713",male,31.2,0,0,245132,35.46,,S
714,0,2,"Lastname714, Rev. Given714",male,27.0,0,0,414470,20.33,,S
715,0,2,"Lastname715, Mr. Given715",male,28.8,0,0,145090,16.76,A35,S
716,1,3,"Lastname716, Miss. Given716",male,0.4,0,2,801624,11.0,,S
717,0,3,"Lastname717, Rev. Given717",female,39.6,0,0,798447,8.19,,S
718,0,3,"Lastname718, Miss. Given718",male,25.6,0,1,904586,8.37,E3,S
719,1,1,"Lastname719, Rev. Given719",male,,0,1,734276,153.17,D51,S
720,0,3,"Lastname720, Mrs. Given720",female,42.9,0,0,562631,12.34,,S
721,1,3,"Lastname721, Mr. Given721",female,,1,0,865738,13.29,A135,S
722,1,1,"Lastname722, Mr. Given722",male,25.4,0,0,15829,30.93,,S
723,0,1,"Lastname723, Dr. Given723",male,,0,0,568669,45.77,,S
724,0,3,"Lastname724, Rev. Given724",male,32.5,0,0,907883,24.33,E142,S
725,0,3,"Lastname725, Miss. Given725",female,31.7,0,0,222153,17.56,,S
726,1,3,"Lastname726, Mr. Given726",female,42.9,0,0,290407,22.02,,S
727,0,1,"Lastname727, Mr. Given727",female,,0,0,769036,59.64,,C
728,1,3,"Lastname728, Master. Given728",male,46.7,2,0,456476,11.71,,S
729,1,1,"Lastname729, Master. Given729",female,22.4,1,0,970810,62.97,,S
730,1,1,"Lastname730, Mr. Given730",male,11.2,0,0,494427,49.51,,S
731,0,1,"Lastname731, Rev. Given731",male,14.1,0,0,330562,121.31,F128,C
732,0,3,"Lastname732, Dr. Given732",male,29.1,0,1,756258,11.53,,C
733,1,3,"Lastname733, Mr. Given733",female,,0,0,534436,18.78,,Q
734,1,3,"Lastname734, Mrs. Given734",male,34.6,1,1,929258,9.47,,S
735,1,2,"Lastname735, Miss. Given735",female,28.7,0,0,823177,38.22,,C
736,0,3,"Lastname736, Dr. Given736",male,43.7,0,0,607202,32.45,,S
737,1,2,"Lastname737, Mrs. Given737",male,26.3,0,0,515111,33.76,,Q
738,1,3,"Lastname738, Dr. Given738",male,2.1,0,0,983337,16.21,,Q
739,1,2,"Lastname739, Mrs. Given739",male,28.3,1,0,947644,79.94,,C
740,1,2,"Lastname740, Miss. Given740",female,1.9,0,0,70653,34.74,,C
741,0,3,"Lastname741, Miss. Given741",male,33.8,1,0,757895,11.0,,S
742,1,2,"Lastname742, Master. Given742",female,44.8,4,0,202593,21.92,,S
743,0,3,"Lastname743, Rev. Given743",female,16.2,0,0,350459,20.22,,S
744,1,3,"Lastname744, Mrs. Given744",female,49.9,1,2,303219,21.3,A26,C
745,0,1,"Lastname745, Master. Given745",male,41.8,0,0,958201,48.08,,S
746,1,3,"Lastname746, Mrs. Given746",male,46.9,3,0,982048,12.24,,S
747,0,2,"Lastname747, Master. Given747",male,32.7,3,0,19795,109.34,,S
748,0,3,"Lastname748, Miss. Given748",female,16.1,1,1,598843,9.08,,Q
749,0,3,"Lastname749, Dr. Given749",female,40.9,0,1,979708,13.19,,S
750,1,3,"Lastname750, Master. Given750",male,21.3,1,0,245068,8.64,F19,S
751,1,1,"Lastname751, Mrs. Given751",female,31.7,0,2,472970,116.04,,S
752,0,3,"Lastname752, Mrs. Given752",male,27.6,1,0,992364,8.97,,S
753,1,3,"Lastname753, Rev. Given753",male,,2,0,637395,19.21,,C
754,1,2,"Lastname754, Miss. Given754",male,40.2,0,2,323673,16.16,,S
755,1,1,"Lastname755, Mrs. Given755",female,28.9,0,2,939176,85.87,,Q
756,0,3,"Lastname756, Mr. Given756",male,2.7,0,0,457454,26.52,,S
757,0,3,"Lastname757, Dr. Given757",female,21.1,0,1,761938,13.09,,C
758,0,3,"Lastname758, Master. Given758",female,,0,0,177022,15.38,A80,S
759,0,3,"Lastname759, Rev. Given759",female,,1,1,21009,13.13,,C
760,1,3,"Lastname760, Dr. Given760",male,9.0,2,0,188168,11.57,,S
761,1,1,"Lastname761, Miss. Given761",male,4.7,2,0,684904,111.29,,S
762,0,2,"Lastname762, Rev. Given762",male,,0,0,983232,21.35,,S
763,0,2,"Lastname763, Master. Given763",male,15.2,1,0,563669,40.67,D132,S
764,0,3,"Lastname764, Master. Given764",male,16.5,1,0,399913,10.31,,S
765,1,1,"Lastname765, Mr. Given765",female,39.4,0,0,952791,44.37,,S
766,0,3,"Lastname766, Miss. Given766",male,46.8,0,0,336754,12.1,,C
767,0,3,"Lastname767, Rev. Given767",male,19.5,0,0,78122,16.9,C62,S
768,0,3,"Lastname768, Rev. Given768",male,,2,0,340328,14.06,A59,C
769,0,2,"Lastname769, Mrs. Given769",male,29.0,0,0,443297,42.34,,S
770,0,3,"Lastname770, Mr. Given770",male,27.7,1,0,224709,10.4,A143,C
771,1,1,"Lastname771, Mr. Given771",male,30.6,0,0,972816,30.54,C8,S
772,0,3,"Lastname772, Rev. Given772",female,,1,2,621516,22.99,,S
773,0,1,"Lastname773, Rev. Given773",male,,0,1,869375,116.2,,S
774,0,2,"Lastname774, Dr. Given774",female,,0,0,615058,16.23,C72,S
775,1,3,"Lastname775, Dr. Given775",female,53.7,0,0,62726,17.44,,C
776,0,1,"Lastname776, Dr. Given776",male,45.3,0,0,425427,53.76,,S
777,1,1,"Lastname777, Mr. Given777",female,,1,0,956984,108.97,,S
778,0,3,"Lastname778, Mrs. Given778",male,31.9,0,0,844212,0.0,,S
779,0,3,"Lastname779, Master. Given779",female,44.1,0,1,198210,27.04,G40,S
780,1,3,"Lastname780, Dr. Given780",male,,0,0,755742,23.01,,S
781,1,3,"Lastname781, Mrs. Given781",female,36.5,0,0,314647,11.13,,C
782,1,3,"Lastname782, Miss. Given782",female,27.6,0,0,854325,24.71,,S
783,1,2,"Lastname783, Dr. Given783",female,,0,1,187265,30.25,,C
784,1,2,"Lastname784, Master. Given784",female,,2,0,779362,16.08,A58,C
785,0,1,"Lastname785, Miss. Given785",male,22.8,0,0,530759,60.53,,Q
786,0,3,"Lastname786, Miss. Given786",male,42.2,1,0,857790,36.5,,S
787,1,3,"Lastname787, Master. Given787",male,31.3,4,0,90857,29.88,,Q
788,1,2,"Lastname788, Dr. Given788",male,,0,0,392601,17.16,,S
789,1,3,"Lastname789, Mr. Given789",female,32.8,0,0,949621,21.63,,S
790,1,3,"Lastname790, Master. Given790",male,37.0,0,1,269405,24.39,,S
791,1,1,"Lastname791, Master. Given791",female,16.3,3,0,200128,45.83,,S
792,0,3,"Lastname792, Master. Given792",male,9.7,2,0,652216,14.38,,S
793,1,3,"Lastname793, Miss. Given793",female,50.1,0,0,592994,20.41,,S
794,0,3,"Lastname794, Mrs. Given794",male,33.5,1,0,997933,0.0,,C
795,0,1,"Lastname795, Mr. Given795",female,40.8,0,0,936980,35.98,,S
796,1,3,"Lastname796, Dr. Given796",female,5.4,3,0,354950,20.24,,S
797,0,3,"Lastname797, Dr. Given797",male,44.9,3,0,589294,32.26,,S
798,0,3,"Lastname798, Mrs. Given798",male,22.7,0,1,621526,18.57,D5,S
799,1,3,"Lastname799, Master. Given799",female,,0,0,258018,22.86,,S
800,1,3,"Lastname800, Mr. Given800",male,,0,0,473134,12.44,F132,S
801,0,3,"Lastname801, Dr. Given801",male,16.3,0,1,728515,10.02,,n
802,0,1,"Lastname802, Rev. Given802",male,,1,0,994825,81.47,,S
803,0,3,"Lastname803, Dr. Given803",male,28.1,0,0,842230,11.97,,S
804,0,3,"Lastname804, Master. Given804",male,44.8,0,0,87271,27.67,,Q
805,0,2,"Lastname805, Rev. Given805",male,51.2,0,0,826609,17.62,,C
806,1,3,"Lastname806, Mrs. Given806",male,50.7,3,1,499464,13.68,,C
807,0,3,"Lastname807, Mr. Given807",male,0.4,0,0,400166,13.05,,S
808,0,3,"Lastname808, Mrs. Given808",female,16.9,0,0,525631,35.81,,Q
809,1,3,"Lastname809, Mrs. Given809",male,0.4,0,0,926588,9.66,,S
810,0,1,"Lastname810, Mr. Given810",female,13.3,3,0,354359,30.49,,S
811,0,3,"Lastname811, Mr. Given811",male,20.9,1,0,53013,10.72,,S
812,0,3,"Lastname812, Dr. Given812",male,35.7,0,0,616888,25.16,,S
813,0,1,"Lastname813, Dr. Given813",male,22.7,0,1,368243,41.74,G67,S
814,1,3,"Lastname814, Mr. Given814",male,23.1,0,2,325594,10.76,,S
815,0,3,"Lastname815, Rev. Given815",male,32.5,0,0,451144,9.39,,C
816,0,3,"Lastname816, Miss. Given816",male,6.1,0,0,394784,20.57,,S
817,0,3,"Lastname817, Dr. Given817",male,18.3,2,2,888835,8.72,,S
818,0,2,"Lastname818, Miss. Given818",male,23.0,0,0,448598,23.05,F16,S
819,1,1,"Lastname819, Rev. Given819",female,,1,0,633578,46.6,E116,S
820,0,2,"Lastname820, Mr. Given820",male,31.1,0,0,226110,31.2,B16,C
821,1,3,"Lastname821, Rev. Given821",male,51.0,1,1,141832,21.11,,S
822,1,1,"Lastname822, Dr. Given822",female,42.7,1,1,34142,68.06,,C
823,0,2,"Lastname823, Mrs. Given823",male,,0,0,382333,68.48,,S
824,0,2,"Lastname824, Mr. Given824",male,26.3,0,0,903964,75.5,,S
825,1,3,"Lastname825, Master. Given825",female,25.4,0,0,944794,12.49,,S
826,0,3,"Lastname826, Miss. Given826",male,22.8,0,0,998539,23.04,D13,C
827,0,2,"Lastname827, Rev. Given827",female,,0,0,141436,41.85,G86,S
828,1,2,"Lastname828, Mr. Given828",female,4.0,0,1,853353,59.69,,S
829,1,3,"Lastname829, Rev. Given829",male,,4,0,291941,13.94,G106,Q
830,0,3,"Lastname830, Mr. Given830",male,53.7,0,1,247403,15.56,,S
831,0,1,"Lastname831, Dr. Given831",male,,1,0,566823,56.87,,S
832,1,3,"Lastname832, Dr. Given832",male,25.9,0,0,318444,27.0,,S
833,0,1,"Lastname833, Dr. Given833",male,32.2,1,0,843608,43.05,G71,S
834,1,1,"Lastname834, Rev. Given834",female,44.3,0,0,26105,43.7,B140,S
835,0,3,"Lastname835, Master. Given835",male,,1,0,673299,12.66,,S
836,0,2,"Lastname836, Dr. Given836",male,43.1,0,3,613760,20.24,F149,S
837,0,3,"Lastname837, Mr. Given837",female,,0,1,707389,16.23,,S
838,1,2,"Lastname838, Dr. Given838",female,63.1,0,0,681223,17.89,,S
839,1,3,"Lastname839, Mrs. Given839",male,25.4,0,0,88097,11.86,,Q
840,1,3,"Lastname840, Dr. Given840",male,2.3,0,2,271674,32.47,,Q
841,0,1,"Lastname841, Rev. Given841",male,9.9,0,0,151519,56.32,A6,C
842,1,3,"Lastname842, Master. Given842",male,30.2,0,0,630448,21.79,F103,S
843,0,1,"Lastname843, Mrs. Given843",male,,1,0,56940,36.02,,S
844,1,3,"Lastname844, Rev. Given844",male,20.9,0,3,743307,10.84,,S
845,1,1,"Lastname845, Rev. Given845",female,,0,0,95001,112.34,,Q
846,1,2,"Lastname846, Rev. Given846",male,39.6,1,0,769112,43.79,C92,S
847,0,1,"Lastname847, Mr. Given847",male,16.5,0,2,685002,54.4,,S
848,0,3,"Lastname848, Rev. Given848",male,21.4,0,0,762158,38.88,,S
849,0,3,"Lastname849, Mr. Given849",male,13.7,0,0,761259,32.15,,S
850,0,3,"Lastname850, Rev. Given850",female,,2,0,208715,40.78,,S
851,1,1,"Lastname851, Miss. Given851",female,51.6,1,1,17928,57.92,,C
852,1,3,"Lastname852, Mrs. Given852",female,7.9,1,0,582290,10.2,,Q
853,1,1,"Lastname853, Miss. Given853",male,28.0,0,5,356997,79.26,,C
854,0,3,"Lastname854, Rev. Given854",male,,1,0,648902,19.54,,S
855,1,1,"Lastname855, Mrs. Given855",male,35.6,0,0,127517,36.7,,S
856,1,1,"Lastname856, Mrs. Given856",male,23.2,0,5,166089,107.2,,S
857,1,1,"Lastname857, Master. Given857",male,,0,0,89064,30.91,F127,S
858,0,3,"Lastname858, Miss. Given858",female,46.1,0,0,916126,14.59,C80,S
859,0,3,"Lastname859, Master. Given859",male,35.0,0,0,416529,12.02,,C
860,0,1,"Lastname860, Mrs. Given860",male,9.4,0,0,404775,97.41,,C
861,1,3,"Lastname861, Mr. Given861",male,46.7,0,0,60893,11.75,,S
862,0,3,"Lastname862, Mrs. Given862",male,7.6,0,0,287311,25.53,,S
863,0,3,"Lastname863, Master. Given863",male,26.9,1,0,572886,17.04,,S
864,1,2,"Lastname864, Miss. Given864",female,26.3,0,1,148595,46.59,,S
865,0,2,"Lastname865, Rev. Given865",female,52.7,1,0,846209,105.83,C28,C
866,1,3,"Lastname866, Rev. Given866",female,,0,6,431655,19.37,,S
867,0,1,"Lastname867, Miss. Given867",male,26.3,1,0,388522,239.82,E137,n
868,0,1,"Lastname868, Rev. Given868",male,10.9,0,0,91060,31.46,,C
869,0,3,"Lastname869, Rev. Given869",male,,0,0,809717,12.13,E9,S
870,0,3,"Lastname870, Master. Given870",male,18.6,0,0,414189,9.14,,S
871,1,2,"Lastname871, Miss. Given871",female,,0,0,395114,21.08,,C
872,0,2,"Lastname872, Dr. Given872",male,30.1,1,1,556982,51.51,,S
873,1,3,"Lastname873, Mr. Given873",male,0.4,0,2,963278,8.33,F57,S
874,0,2,"Lastname874, Mr. Given874",male,,0,4,931806,29.69,,S
875,1,1,"Lastname875, Rev. Given875",male,28.4,1,0,271401,71.87,,S
876,0,1,"Lastname876, Mr. Given876",female,31.7,0,2,781136,71.18,,S
877,0,3,"Lastname877, Miss. Given877",male,26.7,0,0,687751,14.45,,S
878,0,3,"Lastname878, Miss. Given878",male,,0,0,801043,23.64,F78,C
879,0,1,"Lastname879, Mrs. Given879",male,24.3,0,2,543660,37.17,,S
880,1,1,"Lastname880, Mrs. Given880",male,29.7,0,0,165384,48.6,,S
881,1,1,"Lastname881, Mr. Given881",female,36.1,0,0,155152,77.82,,S
882,0,3,"Lastname882, Dr. Given882",female,36.0,4,0,877050,19.74,,S
883,1,1,"Lastname883, Mrs. Given883",female,20.4,0,0,647233,55.89,,S
884,1,1,"Lastname884, Mrs. Given884",female,42.8,0,0,904829,134.12,A91,Q
885,0,3,"Lastname885, Miss. Given885",male,32.2,0,0,630501,13.37,,S
886,1,1,"Lastname886, Dr. Given886",female,,2,4,30874,55.77,,S
887,1,3,"Lastname887, Rev. Given887",male,50.1,1,0,465753,8.37,A48,C
888,0,1,"Lastname888, Mr. Given888",male,9.8,0,0,739274,70.05,D103,S
889,1,1,"Lastname889, Mrs. Given889",female,18.0,1,0,404813,91.67,,C
890,0,2,"Lastname890, Dr. Given890",male,41.4,0,0,545888,17.43,,S
891,0,3,"Lastname891, Dr. Given891",female,6.7,0,0,931251,11.64,,S
