customer_id,first_name,last_name,email,signup_date
1,Cust1,User1,cust1@example.com,2023-10-17
2,Cust2,User2,cust2@example.com,2022-04-25
3,Cust3,User3,cust3@example.com,2022-01-26
4,Cust4,User4,cust4@example.com,2024-01-30
5,Cust5,User5,cust5@example.com,2022-10-09
6,Cust6,User6,cust6@example.com,2022-09-08
7,Cust7,User7,cust7@example.com,2022-08-17
8,Cust8,User8,cust8@example.com,2022-05-23
9,Cust9,User9,cust9@example.com,2024-01-25
10,Cust10,User10,cust10@example.com,2022-04-15
11,Cust11,User11,cust11@example.com,2023-11-24
12,Cust12,User12,cust12@example.com,2024-01-29
13,Cust13,User13,cust13@example.com,2023-07-13
14,Cust14,User14,cust14@example.com,2022-03-31
15,Cust15,User15,cust15@example.com,2023-08-28
16,Cust16,User16,cust16@example.com,2023-03-09
17,Cust17,User17,cust17@example.com,2022-02-02
18,Cust18,User18,cust18@example.com,2022-01-31
19,Cust19,User19,cust19@example.com,2022-04-06
20,Cust20,User20,cust20@example.com,2022-08-12
21,Cust21,User21,cust21@example.com,2022-08-27
22,Cust22,User22,cust22@example.com,2023-06-02
23,Cust23,User23,cust23@example.com,2023-09-09
24,Cust24,User24,cust24@example.com,2022-01-28
25,Cust25,User25,cust25@example.com,2023-07-29
26,Cust26,User26,cust26@example.com,2022-07-23
27,Cust27,User27,cust27@example.com,2024-01-04
28,Cust28,User28,cust28@example.com,2023-10-28
29,Cust29,User29,cust29@example.com,2023-12-20
30,Cust30,User30,cust30@example.com,2023-07-13
31,Cust31,User31,cust31@example.com,2023-03-06
32,Cust32,User32,cust32@example.com,2022-08-14
33,Cust33,User33,cust33@example.com,2023-04-05
34,Cust34,User34,cust34@example.com,2023-08-27
35,Cust35,User35,cust35@example.com,2022-10-12
36,Cust36,User36,cust36@example.com,2024-04-08
37,Cust37,User37,cust37@example.com,2024-06-09
38,Cust38,User38,cust38@example.com,2022-01-07
39,Cust39,User39,cust39@example.com,2024-02-17
40,Cust40,User40,cust40@example.com,2024-04-05
41,Cust41,User41,cust41@example.com,2022-06-13
42,Cust42,User42,cust42@example.com,2023-12-16
43,Cust43,User43,cust43@example.com,2023-03-09
44,Cust44,User44,cust44@example.com,2022-12-15
45,Cust45,User45,cust45@example.com,2022-10-12
46,Cust46,User46,cust46@example.com,2022-06-09
47,Cust47,User47,cust47@example.com,2022-08-09
48,Cust48,User48,cust48@example.com,2024-02-21
49,Cust49,User49,cust49@example.com,2022-12-11
50,Cust50,User50,cust50@example.com,2022-04-15
51,Cust51,User51,cust51@example.com,2022-04-05
52,Cust52,User52,cust52@example.com,2023-01-25
53,Cust53,User53,cust53@example.com,2022-04-10
54,Cust54,User54,cust54@example.com,2023-01-03
55,Cust55,User55,cust55@example.com,2024-05-17
56,Cust56,User56,cust56@example.com,2022-12-19
57,Cust57,User57,cust57@example.com,2023-09-11
58,Cust58,User58,cust58@example.com,2022-09-28
59,Cust59,User59,cust59@example.com,2024-04-06
60,Cust60,User60,cust60@example.com,2022-02-14
61,Cust61,User61,cust61@example.com,2024-01-18
62,Cust62,User62,cust62@example.com,2023-04-16
63,Cust63,User63,cust63@example.com,2023-07-04
64,Cust64,User64,cust64@example.com,2022-05-08
65,Cust65,User65,cust65@example.com,2023-01-23
66,Cust66,User66,cust66@example.com,2022-03-22
67,Cust67,User67,cust67@example.com,2023-07-20
68,Cust68,User68,cust68@example.com,2022-10-28
69,Cust69,User69,cust69@example.com,2024-04-29
70,Cust70,User70,cust70@example.com,2023-10-06
71,Cust71,User71,cust71@example.com,2023-09-26
72,Cust72,User72,cust72@example.com,2024-06-01
73,Cust73,User73,cust73@example.com,2023-01-06
74,Cust74,User74,cust74@example.com,2023-08-15
75,Cust75,User75,cust75@example.com,2022-07-16
76,Cust76,User76,cust76@example.com,2023-12-23
77,Cust77,User77,cust77@example.com,2022-03-13
78,Cust78,User78,cust78@example.com,2022-02-16
79,Cust79,User79,cust79@example.com,2023-11-09
80,Cust80,User80,cust80@example.com,2022-08-22
81,Cust81,User81,cust81@example.com,2024-03-02
82,Cust82,User82,cust82@example.com,2022-10-24
83,Cust83,User83,cust83@example.com,2022-03-23
84,Cust84,User84,cust84@example.com,2024-05-25
85,Cust85,User85,cust85@example.com,2022-08-27
86,Cust86,User86,cust86@example.com,2024-06-06
87,Cust87,User87,cust87@example.com,2022-04-14
88,Cust88,User88,cust88@example.com,2023-01-25
89,Cust89,User89,cust89@example.com,2022-10-12
90,Cust90,User90,cust90@example.com,2023-04-10
91,Cust91,User91,cust91@example.com,2023-10-13
92,Cust92,User92,cust92@example.com,2024-05-04
93,Cust93,User93,cust93@example.com,2023-01-09
94,Cust94,User94,cust94@example.com,2022-06-16
95,Cust95,User95,cust95@example.com,2023-01-15
96,Cust96,User96,cust96@example.com,2022-12-30
97,Cust97,User97,cust97@example.com,2022-08-03
98,Cust98,User98,cust98@example.com,2023-11-18
99,Cust99,User99,cust99@example.com,2022-10-01
100,Cust100,User100,cust100@example.com,2023-12-20
101,Cust101,User101,cust101@example.com,2023-12-01
102,Cust102,User102,cust102@example.com,2023-10-26
103,Cust103,User103,cust103@example.com,2022-03-15
104,Cust104,User104,cust104@example.com,2023-09-16
105,Cust105,User105,cust105@example.com,2023-10-13
106,Cust106,User106,cust106@example.com,2022-06-25
107,Cust107,User107,cust107@example.com,2023-07-01
108,Cust108,User108,cust108@example.com,2024-01-17
109,Cust109,User109,cust109@example.com,2022-09-08
110,Cust110,User110,cust110@example.com,2022-06-17
111,Cust111,User111,cust111@example.com,2023-04-19
112,Cust112,User112,cust112@example.com,2023-01-24
113,Cust113,User113,cust113@example.com,2022-10-04
114,Cust114,User114,cust114@example.com,2023-10-18
115,Cust115,User115,cust115@example.com,2023-12-06
116,Cust116,User116,cust116@example.com,2023-07-25
117,Cust117,User117,cust117@example.com,2022-08-13
118,Cust118,User118,cust118@example.com,2023-12-03
119,Cust119,User119,cust119@example.com,2022-11-29
120,Cust120,User120,cust120@example.com,2024-05-13
121,Cust121,User121,cust121@example.com,2024-02-26
122,Cust122,User122,cust122@example.com,2024-03-05
123,Cust123,User123,cust123@example.com,2022-02-27
124,Cust124,User124,cust124@example.com,2022-08-23
125,Cust125,User125,cust125@example.com,2024-04-21
126,Cust126,User126,cust126@example.com,2022-02-02
127,Cust127,User127,cust127@example.com,2024-04-04
128,Cust128,User128,cust128@example.com,2022-11-20
129,Cust129,User129,cust129@example.com,2023-02-15
130,Cust130,User130,cust130@example.com,2022-10-02
131,Cust131,User131,cust131@example.com,2022-03-09
132,Cust132,User132,cust132@example.com,2022-08-05
133,Cust133,User133,cust133@example.com,2023-08-04
134,Cust134,User134,cust134@example.com,2024-06-16
135,Cust135,User135,cust135@example.com,2024-01-06
136,Cust136,User136,cust136@example.com,2022-11-19
137,Cust137,User137,cust137@example.com,2022-08-06
138,Cust138,User138,cust138@example.com,2023-11-03
139,Cust139,User139,cust139@example.com,2023-05-27
140,Cust140,User140,cust140@example.com,2023-02-10
141,Cust141,User141,cust141@example.com,2023-10-21
142,Cust142,User142,cust142@example.com,2023-04-15
143,Cust143,User143,cust143@example.com,2022-05-27
144,Cust144,User144,cust144@example.com,2022-09-29
145,Cust145,User145,cust145@example.com,2022-05-23
146,Cust146,User146,cust146@example.com,2022-09-10
147,Cust147,User147,cust147@example.com,2024-02-02
148,Cust148,User148,cust148@example.com,2023-07-29
149,Cust149,User149,cust149@example.com,2023-07-06
150,Cust150,User150,cust150@example.com,2022-09-27
151,Cust151,User151,cust151@example.com,2024-02-04
152,Cust152,User152,cust152@example.com,2023-08-22
153,Cust153,User153,cust153@example.com,2023-03-15
154,Cust154,User154,cust154@example.com,2023-08-21
155,Cust155,User155,cust155@example.com,2023-02-13
156,Cust156,User156,cust156@example.com,2023-01-06
157,Cust157,User157,cust157@example.com,2022-08-13
158,Cust158,User158,cust158@example.com,2022-05-22
159,Cust159,User159,cust159@example.com,2023-06-06
160,Cust160,User160,cust160@example.com,2023-05-21
161,Cust161,User161,cust161@example.com,2022-04-04
162,Cust162,User162,cust162@example.com,2024-02-13
163,Cust163,User163,cust163@example.com,2022-02-18
164,Cust164,User164,cust164@example.com,2024-05-31
165,Cust165,User165,cust165@example.com,2022-04-23
166,Cust166,User166,cust166@example.com,2022-06-06
167,Cust167,User167,cust167@example.com,2023-10-05
168,Cust168,User168,cust168@example.com,2022-06-13
169,Cust169,User169,cust169@example.com,2024-03-22
170,Cust170,User170,cust170@example.com,2023-11-28
171,Cust171,User171,cust171@example.com,2023-03-09
172,Cust172,User172,cust172@example.com,2023-09-03
173,Cust173,User173,cust173@example.com,2022-03-07
174,Cust174,User174,cust174@example.com,2023-01-30
175,Cust175,User175,cust175@example.com,2023-01-26
176,Cust176,User176,cust176@example.com,2023-09-03
177,Cust177,User177,cust177@example.com,2023-04-25
178,Cust178,User178,cust178@example.com,2023-06-26
179,Cust179,User179,cust179@example.com,2022-09-15
180,Cust180,User180,cust180@example.com,2023-07-21
181,Cust181,User181,cust181@example.com,2024-05-31
182,Cust182,User182,cust182@example.com,2022-01-12
183,Cust183,User183,cust183@example.com,2023-11-28
184,Cust184,User184,cust184@example.com,2024-01-09
185,Cust185,User185,cust185@example.com,2022-04-28
186,Cust186,User186,cust186@example.com,2023-11-30
187,Cust187,User187,cust187@example.com,2023-07-04
188,Cust188,User188,cust188@example.com,2024-02-08
189,Cust189,User189,cust189@example.com,2022-10-01
190,Cust190,User190,cust190@example.com,2024-02-27
191,Cust191,User191,cust191@example.com,2023-10-19
192,Cust192,User192,cust192@example.com,2022-12-15
193,Cust193,User193,cust193@example.com,2022-04-25
194,Cust194,User194,cust194@example.com,2022-10-28
195,Cust195,User195,cust195@example.com,2023-03-22
196,Cust196,User196,cust196@example.com,2022-06-11
197,Cust197,User197,cust197@example.com,2023-04-10
198,Cust198,User198,cust198@example.com,2022-01-04
199,Cust199,User199,cust199@example.com,2024-01-10
200,Cust200,User200,cust200@example.com,2024-06-15
