product_id,product_name,category,price
1,Product_1,Beauty,3579.1
2,Product_2,Fashion,2025.01
3,Product_3,Books,3374.85
4,Product_4,Home,1898.43
5,Product_5,Books,4503.09
6,Product_6,Electronics,2284.86
7,Product_7,Beauty,1277.13
8,Product_8,Fashion,366.93
9,Product_9,Beauty,154.12
10,Product_10,Books,2791.91
11,Product_11,Books,2962.78
12,Product_12,Home,85.59
13,Product_13,Home,3553.81
14,Product_14,Fashion,341.43
15,Product_15,Home,383.63
16,Product_16,Books,205.49
17,Product_17,Books,1685.62
18,Product_18,Electronics,2595.07
19,Product_19,Books,1428.46
20,Product_20,Fashion,2452.8
21,Product_21,Toys,2719.21
22,Product_22,Electronics,3630.6
23,Product_23,Electronics,4417.8
24,Product_24,Fashion,2902.25
25,Product_25,Fashion,1252.84
26,Product_26,Home,2391.22
27,Product_27,Electronics,2064.95
28,Product_28,Home,516.91
29,Product_29,Books,3311.96
30,Product_30,Electronics,1803.77
31,Product_31,Electronics,2084.96
32,Product_32,Beauty,4325.99
33,Product_33,Toys,318.15
34,Product_34,Electronics,3284.6
35,Product_35,Books,3248.59
36,Product_36,Home,350.03
37,Product_37,Home,3654.66
38,Product_38,Beauty,4012.93
39,Product_39,Toys,590.88
40,Product_40,Books,998.37
41,Product_41,Home,2704.61
42,Product_42,Fashion,743.9
43,Product_43,Books,958.27
44,Product_44,Books,2340.01
45,Product_45,Toys,4378.71
46,Product_46,Home,423.16
47,Product_47,Books,4049.71
48,Product_48,Beauty,4287.04
49,Product_49,Beauty,534.65
50,Product_50,Home,3278.12
